;;;;;;;Human;Human;Human;Elenco;Elenco;Elenco;Espião Estatístico;Espião Estatístico;Espião Estatístico;UFMG;UFMG;UFMG;Chance de Gol;Chance de Gol;Chance de Gol;Five-Thirty-Eight;Five-Thirty-Eight;Five-Thirty-Eight;MaiaE0;MaiaE0;MaiaE0;Betting House;Betting House;Betting House
date;round;home_team;home_score;away_score;away_team;result;H;D;A;H;D;A;H;D;A;H;D;A;H;D;A;H;D;A;H;D;A;H;D;A
29/05/2021;1;Cuiabá;2;2;Juventude;D;0.6;0.2;0.2;0.54;0.25;0.21;0.45;0.31;0.24;0.4;0.3;0.3;0.404;0.277;0.318;0.46;0.26;0.29;;;;0.4661;0.3007;0.233
29/05/2021;1;Bahia;3;0;Santos;H;0.45;0.35;0.2;0.38;0.28;0.34;0.39;0.3;0.31;0.4;0.3;0.3;0.521;0.24;0.239;0.38;0.25;0.37;0.390369054091568;0.25762158108475;0.352009364823682;0.4664;0.2743;0.2591
29/05/2021;1;São Paulo;0;0;Fluminense;D;0.55;0.3;0.15;0.51;0.26;0.23;0.44;0.28;0.28;0.4;0.3;0.3;0.579;0.217;0.204;0.48;0.25;0.27;0.518823030710099;0.261357873237273;0.219819096052628;0.5333;0.2592;0.2074
30/05/2021;1;Atlético-MG;1;2;Fortaleza;A;0.7;0.2;0.1;0.64;0.22;0.14;0.5;0.28;0.22;0.4;0.3;0.3;0.505;0.27;0.225;0.63;0.21;0.16;0.584475933193313;0.231680412176831;0.183843654629856;0.6865;0.1697;0.1436
30/05/2021;1;Flamengo;1;0;Palmeiras;H;0.55;0.3;0.15;0.51;0.26;0.23;0.57;0.24;0.19;0.4;0.3;0.3;0.484;0.248;0.268;0.57;0.22;0.21;0.499427289102885;0.241143773876783;0.259428937020332;0.5806;0.2493;0.1699
30/05/2021;1;Ceará;3;2;Grêmio;H;0.325;0.35;0.325;0.35;0.28;0.37;0.36;0.28;0.36;0.4;0.3;0.3;0.377;0.262;0.361;0.34;0.25;0.41;0.366955083877457;0.2730912943182;0.359953621804343;0.3037;0.3037;0.3924
30/05/2021;1;Corinthians;0;1;Atlético-GO;A;0.6;0.2;0.2;0.63;0.22;0.15;0.44;0.25;0.31;0.4;0.3;0.3;0.467;0.265;0.268;0.53;0.25;0.22;0.488855485829346;0.286314528343921;0.224829985826733;0.514;0.2687;0.2172
30/05/2021;1;Chapecoense;0;3;Bragantino;A;0.3;0.3;0.4;0.36;0.28;0.36;0.34;0.29;0.37;0.4;0.3;0.3;0.311;0.309;0.38;0.27;0.24;0.49;0.260173258504635;0.292035798785033;0.447790942710332;0.3022;0.3022;0.3954
30/05/2021;1;Athletico-PR;1;0;América-MG;H;0.45;0.35;0.2;0.65;0.21;0.14;0.39;0.27;0.34;0.4;0.3;0.3;0.358;0.331;0.311;0.59;0.23;0.18;0.622488644725438;0.26339245630694;0.114118898967622;0.4916;0.2747;0.2335
30/05/2021;1;Internacional;2;2;Sport;D;0.7;0.2;0.1;0.63;0.22;0.15;0.59;0.21;0.2;0.4;0.3;0.3;0.752;0.178;0.069;0.66;0.21;0.13;0.67452717424798;0.213603146271592;0.111869679480428;0.6728;0.2093;0.1177
05/06/2021;2;Santos;3;1;Ceará;H;0.33;0.37;0.3;0.58;0.23;0.19;0.34;0.3;0.36;0.4;0.3;0.3;0.288;0.244;0.467;0.52;0.24;0.24;0.507592688555209;0.246146388617005;0.246260922827786;0.4842;0.2799;0.2357
05/06/2021;2;Atlético-GO;2;0;São Paulo;H;0.28;0.25;0.47;0.35;0.29;0.36;0.29;0.32;0.39;0.4;0.3;0.3;0.29;0.243;0.467;0.32;0.26;0.42;0.35753901054639;0.300238530248896;0.342222459204714;0.2502;0.3027;0.4469
05/06/2021;2;Bragantino;3;3;Bahia;D;0.55;0.27;0.18;0.59;0.24;0.17;0.5;0.28;0.22;0.4;0.3;0.3;0.497;0.265;0.238;0.58;0.23;0.19;0.60544563010157;0.225468444802167;0.169085925096262;0.5071;0.2843;0.2085
06/06/2021;2;Fluminense;1;0;Cuiabá;H;0.81;0.12;0.07;0.66;0.21;0.13;0.52;0.26;0.22;0.4;0.3;0.3;0.621;0.236;0.143;0.62;0.22;0.16;0.711488184919095;0.144544753978229;0.143967061102676;0.641;0.2393;0.1196
06/06/2021;2;América-MG;0;1;Corinthians;A;0.34;0.38;0.28;0.36;0.29;0.35;0.33;0.37;0.3;0.4;0.3;0.3;0.351;0.316;0.333;0.33;0.25;0.42;0.244872560374686;0.341166533109963;0.413960906515352;0.3405;0.302;0.3574
06/06/2021;2;Fortaleza;5;1;Internacional;H;0.29;0.34;0.37;0.42;0.27;0.31;0.41;0.32;0.27;0.4;0.3;0.3;0.343;0.278;0.38;0.29;0.26;0.45;0.313644144561207;0.291422839280804;0.394933016157989;0.2926;0.3121;0.3951
06/06/2021;2;Palmeiras;3;1;Chapecoense;H;0.83;0.11;0.06;0.74;0.17;0.09;0.51;0.29;0.2;0.4;0.3;0.3;0.63;0.262;0.108;0.72;0.18;0.1;0.70940262722819;0.195352388049398;0.0952449847224117;0.72;0.18;0.1
06/06/2021;2;Juventude;0;3;Athletico-PR;A;0.25;0.33;0.42;0.34;0.28;0.38;0.23;0.33;0.44;0.4;0.3;0.3;0.385;0.288;0.327;0.33;0.27;0.4;0.358413307999304;0.323748564101139;0.317838127899557;0.3123;0.2891;0.3984
06/06/2021;2;Sport;0;1;Atlético-MG;A;0.2;0.26;0.54;0.4;0.27;0.33;0.26;0.29;0.45;0.4;0.3;0.3;0.213;0.249;0.538;0.26;0.24;0.5;0.306153224100731;0.266347721644256;0.427499054255013;0.1564;0.2606;0.5829
23/11/2021;2;Grêmio;2;2;Flamengo;D;0.39;0.28;0.33;0.27;0.25;0.48;0.32;0.31;0.37;;;;0.391;0.238;0.371;0.31;0.26;0.43;0.315664686437233;0.246108873117477;0.438226440445289;0.4895;0.2657;0.2447
12/06/2021;3;Palmeiras;1;1;Corinthians;D;0.58;0.25;0.17;0.59;0.24;0.17;0.38;0.32;0.3;0.4227;0.2667;0.3106;0.442;0.32;0.238;0.6;0.23;0.17;0.541203598139413;0.269296905667217;0.18949949619337;0.5392;0.2621;0.1986
12/06/2021;3;Santos;0;0;Juventude;D;0.64;0.22;0.14;0.71;0.18;0.11;0.56;0.25;0.19;0.39;0.355;0.255;0.494;0.24;0.266;0.61;0.22;0.17;0.75871751344296;0.16526569782013;0.0760167887369101;0.6728;0.2093;0.1177
13/06/2021;3;Atlético-MG;1;0;São Paulo;H;0.46;0.29;0.25;0.52;0.27;0.21;0.51;0.26;0.23;0.4122;0.2634;0.3244;0.403;0.243;0.354;0.49;0.24;0.27;0.457755232778243;0.26038624803395;0.281858519187807;0.4212;0.2916;0.2871
13/06/2021;3;Grêmio;0;1;Athletico-PR;A;0.51;0.27;0.22;0.49;0.26;0.25;0.39;0.34;0.27;0.38;0.285;0.335;0.596;0.25;0.154;0.52;0.25;0.23;0.460617318431999;0.28836707742802;0.251015604139982;0.524;0.2774;0.1985
13/06/2021;3;Bragantino;2;2;Fluminense;D;0.49;0.28;0.23;0.48;0.27;0.25;0.36;0.3;0.34;0.32;0.44;0.24;0.402;0.28;0.318;0.47;0.26;0.27;0.535676521601386;0.256310894987352;0.208012583411261;0.4228;0.2973;0.2798
13/06/2021;3;Bahia;0;1;Internacional;A;0.42;0.3;0.28;0.54;0.23;0.23;0.4;0.31;0.29;0.4666;0.2667;0.2667;0.369;0.243;0.388;0.36;0.25;0.39;0.36982537844635;0.259032899562682;0.371141721990968;0.3308;0.2967;0.3723
13/06/2021;3;Fortaleza;1;0;Sport;H;0.53;0.29;0.18;0.62;0.22;0.16;0.53;0.25;0.22;0.39;0.355;0.255;0.687;0.231;0.081;0.5;0.26;0.24;0.550331567076943;0.263988055030544;0.185680377892513;0.4907;0.2814;0.2278
13/06/2021;3;Flamengo;2;0;América-MG;H;0.72;0.18;0.1;0.74;0.18;0.08;0.47;0.24;0.29;0.4666;0.2667;0.2667;0.654;0.216;0.13;0.82;0.12;0.06;0.781390125999273;0.157942845161401;0.0606670288393256;0.7349;0.171;0.094
13/06/2021;3;Chapecoense;0;0;Ceará;D;0.31;0.36;0.33;0.45;0.26;0.29;0.29;0.35;0.36;0.4122;0.2634;0.3244;0.307;0.263;0.43;0.36;0.25;0.39;0.309574273492443;0.276990864448702;0.413434862058855;0.2941;0.3086;0.3971
21/07/2021;3;Cuiabá;2;1;Atlético-GO;H;0.42;0.31;0.27;0.5;0.27;0.23;;;;0.34;0.355;0.305;0.337;0.285;0.378;0.43;0.28;0.28;0.403570185150632;0.294409963061797;0.302019851787571;0.3387;0.2964;0.3648
16/06/2021;4;São Paulo;1;1;Chapecoense;D;0.78;0.12;0.1;0.64;0.23;0.13;0.45;0.36;0.19;0.3966;0.3517;0.2517;0.709;0.183;0.108;0.63;0.22;0.15;0.651780082681475;0.226709705937228;0.121510211381297;0.7003;0.1961;0.1035
16/06/2021;4;Internacional;0;1;Atlético-MG;A;0.39;0.32;0.29;0.42;0.27;0.31;0.35;0.27;0.38;0.34;0.355;0.305;0.414;0.247;0.339;0.43;0.25;0.32;0.511714790847817;0.244065859567746;0.244219349584437;0.3717;0.2903;0.3379
16/06/2021;4;Corinthians;1;2;Bragantino;A;0.33;0.36;0.31;0.49;0.25;0.26;0.33;0.27;0.4;0.3205;0.3404;0.3391;0.387;0.29;0.323;0.41;0.26;0.33;0.385224551592733;0.288380845934666;0.3263946024726;0.3321;0.31;0.3577
16/06/2021;4;Juventude;0;3;Palmeiras;A;0.14;0.22;0.64;0.25;0.27;0.48;0.19;0.28;0.53;0.4122;0.2634;0.3244;0.202;0.276;0.522;0.23;0.24;0.53;0.130263652329498;0.231533293472964;0.638203054197538;0.1859;0.2734;0.5405
17/06/2021;4;Ceará;1;2;Bahia;A;0.44;0.3;0.26;0.46;0.26;0.28;0.4;0.3;0.3;0.39;0.355;0.255;0.457;0.251;0.292;0.46;0.25;0.29;0.4989624996487;0.245482911906379;0.255554588444921;0.4146;0.3109;0.2743
17/06/2021;4;América-MG;0;0;Cuiabá;D;0.5;0.26;0.24;0.45;0.28;0.27;0.44;0.33;0.23;0.4122;0.2634;0.3244;0.516;0.292;0.192;0.45;0.26;0.29;0.393702408990172;0.343962034582518;0.26233555642731;0.4633;0.2895;0.2471
17/06/2021;4;Fluminense;1;0;Santos;H;0.59;0.24;0.17;0.53;0.26;0.21;0.47;0.23;0.3;0.4666;0.2667;0.2667;0.61;0.226;0.164;0.47;0.26;0.27;0.450000560446985;0.268109524928289;0.281889914624726;0.4229;0.2907;0.2862
17/06/2021;4;Sport;1;0;Grêmio;H;0.27;0.32;0.41;0.37;0.28;0.35;0.29;0.3;0.41;0.4122;0.2634;0.3244;0.187;0.267;0.545;0.32;0.26;0.42;0.258342784678831;0.28165789210609;0.459999323215079;0.2463;0.2799;0.4737
17/06/2021;4;Atlético-GO;0;0;Fortaleza;D;0.43;0.31;0.26;0.44;0.27;0.29;0.24;0.4;0.36;0.41;0.27;0.32;0.383;0.293;0.325;0.43;0.27;0.3;0.452235407558973;0.288803148122476;0.258961444318552;0.371;0.3091;0.3198
02/11/2021;4;Athletico-PR;2;2;Flamengo;D;0.31;0.29;0.4;0.28;0.25;0.47;;;;;;;0.227;0.23;0.543;0.26;0.26;0.48;0.301435268607144;0.257349186390708;0.441215545002148;0.2158;0.2921;0.4919
19/06/2021;5;Flamengo;2;3;Bragantino;A;0.61;0.22;0.17;0.62;0.21;0.17;0.4;0.26;0.34;0.42;0.2437;0.3363;0.553;0.228;0.219;0.69;0.18;0.13;0.544388671834757;0.22359179473442;0.232019533430823;0.5868;0.2456;0.1675
20/06/2021;5;Palmeiras;2;1;América-MG;H;0.74;0.17;0.09;0.76;0.17;0.07;0.65;0.22;0.13;0.4527;0.3236;0.2236;0.609;0.286;0.104;0.7;0.19;0.11;0.72359510418214;0.215422982201847;0.0609819136160128;0.4921;0.2801;0.2276
20/06/2021;5;Internacional;1;1;Ceará;D;0.57;0.25;0.18;0.61;0.22;0.17;0.48;0.27;0.25;0.3302;0.3992;0.2706;0.483;0.238;0.279;0.56;0.24;0.2;0.56246452266872;0.239998303222319;0.197537174108961;0.5448;0.2677;0.1874
20/06/2021;5;Bahia;0;0;Corinthians;D;0.44;0.32;0.24;0.47;0.26;0.27;0.33;0.34;0.33;0.382;0.2535;0.3645;0.44;0.275;0.285;0.42;0.26;0.31;0.429195746691765;0.274207939105412;0.296596314202823;0.3788;0.3156;0.3054
20/06/2021;5;Santos;2;0;São Paulo;H;0.29;0.36;0.35;0.49;0.28;0.23;0.35;0.31;0.34;0.2905;0.4735;0.236;0.22;0.22;0.56;0.44;0.26;0.29;0.426517344518284;0.27731692572557;0.296165729756147;0.3338;0.2921;0.3739
20/06/2021;5;Fortaleza;1;1;Fluminense;D;0.3;0.33;0.37;0.44;0.28;0.28;0.36;0.25;0.39;0.385;0.3975;0.2175;0.428;0.293;0.279;0.36;0.28;0.36;0.414979624315801;0.290234593559078;0.294785782125121;0.3921;0.3137;0.2941
20/06/2021;5;Athletico-PR;2;1;Atlético-GO;H;0.59;0.24;0.17;0.61;0.24;0.15;0.48;0.34;0.18;0.41;0.27;0.32;0.322;0.313;0.365;0.53;0.26;0.21;0.494368458104269;0.303394913587018;0.202236628308713;0.4465;0.293;0.2604
20/06/2021;5;Juventude;1;0;Sport;H;0.4;0.32;0.28;0.39;0.29;0.32;0.35;0.32;0.33;0.3526;0.3065;0.3409;0.415;0.281;0.304;0.42;0.28;0.3;0.185331157376707;0.281100958090154;0.533567884533138;0.3986;0.2957;0.3056
21/06/2021;5;Atlético-MG;1;1;Chapecoense;D;0.78;0.14;0.08;0.7;0.2;0.1;0.62;0.24;0.14;0.3973;0.3219;0.2808;0.647;0.23;0.123;0.67;0.2;0.13;0.675073338750729;0.202123927784825;0.122802733464446;0.7512;0.1633;0.0853
18/08/2021;5;Cuiabá;0;1;Grêmio;A;0.44;0.3;0.26;0.44;0.3;0.26;;;;;;;0.308;0.302;0.39;0.33;0.3;0.37;0.270464158093493;0.309485425202824;0.420050416703683;0.1977;0.289;0.5132
23/06/2021;6;Flamengo;2;1;Fortaleza;H;0.6;0.26;0.14;0.63;0.22;0.15;0.52;0.3;0.18;0.373;0.3163;0.3107;0.529;0.246;0.225;0.78;0.15;0.07;0.632368014634402;0.207200976908087;0.160431008457511;0.618;0.2364;0.1454
23/06/2021;6;São Paulo;2;2;Cuiabá;D;0.71;0.19;0.1;0.58;0.25;0.17;0.51;0.28;0.21;0.3038;0.4411;0.2551;0.708;0.187;0.105;0.6;0.23;0.17;0.685917480250938;0.226183612520474;0.0878989072285881;0.7073;0.1881;0.1045
23/06/2021;6;Bragantino;3;1;Palmeiras;H;0.31;0.33;0.36;0.46;0.24;0.3;0.39;0.29;0.32;0.3412;0.3947;0.2641;0.407;0.282;0.311;0.41;0.25;0.34;0.443377720425479;0.263142754686126;0.293479524888395;0.3276;0.2923;0.38
24/06/2021;6;Atlético-GO;1;0;Fluminense;H;0.28;0.34;0.38;0.36;0.3;0.34;0.28;0.39;0.33;0.2878;0.5139;0.1983;0.378;0.278;0.343;0.36;0.27;0.37;0.407009937155507;0.297488228019774;0.295501834824719;0.3701;0.3044;0.3254
24/06/2021;6;América-MG;1;1;Juventude;D;0.47;0.33;0.2;0.49;0.28;0.23;0.48;0.34;0.18;0.2685;0.4814;0.2501;0.525;0.275;0.2;0.48;0.26;0.26;0.441561481398925;0.359704940150246;0.198733578450829;0.5114;0.2782;0.2102
24/06/2021;6;Corinthians;2;1;Sport;H;0.5;0.32;0.18;0.57;0.26;0.17;0.38;0.31;0.31;0.3654;0.3481;0.2865;0.61;0.274;0.116;0.53;0.27;0.2;0.552704841000424;0.279600893489923;0.167694265509654;0.5685;0.2516;0.1797
24/06/2021;6;Ceará;2;1;Atlético-MG;H;0.26;0.31;0.43;0.34;0.28;0.38;0.31;0.29;0.4;0.3606;0.2379;0.4014;0.351;0.261;0.387;0.36;0.26;0.38;0.404086765127534;0.25772345083633;0.338189784036136;0.2655;0.2897;0.4446
24/06/2021;6;Chapecoense;1;2;Internacional;A;0.24;0.35;0.41;0.39;0.27;0.34;0.351;0.3;0.349;0.3534;0.3239;0.3227;0.298;0.264;0.438;0.31;0.26;0.43;0.250460503905135;0.28542043223853;0.464119063856334;0.2365;0.2782;0.4851
24/06/2021;6;Grêmio;2;2;Santos;D;0.47;0.26;0.27;0.49;0.27;0.24;0.38;0.34;0.28;0.4388;0.2501;0.3111;0.584;0.243;0.173;0.48;0.26;0.26;0.511764127468731;0.250626963216473;0.237608909314796;0.4967;0.3044;0.1987
24/06/2021;6;Bahia;2;1;Athletico-PR;H;0.37;0.31;0.32;0.4;0.28;0.32;0.339;0.341;0.32;0.364;0.24;0.396;0.482;0.284;0.234;0.4;0.27;0.33;0.351435835071459;0.292336766148605;0.356227398779936;0.4097;0.3284;0.2618
27/06/2021;7;Juventude;1;0;Flamengo;H;0.16;0.23;0.61;0.23;0.26;0.51;0.19;0.28;0.53;0.3784;0.2545;0.3671;0.183;0.212;0.605;0.13;0.18;0.69;0.118290866332183;0.18538982929286;0.696319304374957;0.1099;0.2225;0.6675
27/06/2021;7;Fluminense;1;1;Corinthians;D;0.52;0.26;0.22;0.5;0.29;0.21;0.38;0.34;0.28;0.3958;0.3286;0.2756;0.503;0.284;0.213;0.47;0.27;0.26;0.443616992427269;0.297567873598421;0.258815133974309;0.4557;0.2761;0.268
27/06/2021;7;Palmeiras;3;2;Bahia;H;0.64;0.22;0.14;0.64;0.21;0.15;0.5;0.26;0.24;0.3473;0.3865;0.2662;0.506;0.27;0.224;0.62;0.22;0.16;0.609153602391857;0.220478420589096;0.170367977019047;0.5609;0.2847;0.1542
27/06/2021;7;Grêmio;0;0;Fortaleza;D;0.45;0.33;0.22;0.53;0.25;0.22;0.55;0.27;0.18;0.3219;0.377;0.3011;0.417;0.295;0.288;0.54;0.25;0.21;0.54207562517586;0.253702466247473;0.204221908576667;0.5201;0.2925;0.1872
27/06/2021;7;Athletico-PR;2;2;Chapecoense;D;0.62;0.25;0.13;0.69;0.2;0.11;0.57;0.23;0.2;0.4093;0.3792;0.2115;0.477;0.303;0.22;0.56;0.24;0.2;0.625554893579554;0.248035505899362;0.126409600521084;0.5968;0.2928;0.1102
27/06/2021;7;Santos;2;0;Atlético-MG;H;0.35;0.27;0.38;0.47;0.28;0.25;0.39;0.33;0.28;0.4152;0.2946;0.2902;0.281;0.259;0.46;0.42;0.26;0.32;0.461458933598319;0.250149816793659;0.288391249608022;0.3244;0.3136;0.3618
27/06/2021;7;América-MG;1;1;Internacional;D;0.27;0.34;0.39;0.35;0.29;0.36;0.35;0.29;0.36;0.3052;0.3639;0.3309;0.299;0.276;0.425;0.32;0.26;0.42;0.167630124942294;0.312154279998655;0.52021559505905;0.3125;0.3125;0.375
27/06/2021;7;Ceará;1;1;São Paulo;D;0.31;0.35;0.34;0.45;0.27;0.28;0.39;0.33;0.28;0.5025;0.2193;0.2782;0.349;0.235;0.416;0.39;0.27;0.34;0.410211178207845;0.277962853133916;0.311825968658239;0.2992;0.3092;0.3914
27/06/2021;7;Sport;0;0;Cuiabá;D;0.44;0.31;0.25;0.5;0.27;0.23;0.46;0.35;0.19;0.3666;0.3757;0.2577;0.392;0.305;0.303;0.48;0.27;0.25;0.438149399758055;0.289994899685833;0.271855700556112;0.4661;0.3007;0.233
28/06/2021;7;Atlético-GO;0;1;Bragantino;A;0.28;0.32;0.4;0.38;0.26;0.36;0.34;0.31;0.35;0.3597;0.2984;0.3418;0.386;0.267;0.347;0.29;0.25;0.46;0.340116078409514;0.281565695285901;0.378318226304585;0.3405;0.302;0.3574
30/06/2021;8;Fluminense;1;4;Athletico-PR;A;0.44;0.3;0.26;0.5;0.27;0.23;0.42;0.3;0.28;0.404;0.3056;0.2904;0.555;0.271;0.174;0.48;0.27;0.25;0.390249717013764;0.30708576285448;0.302664520131756;0.4276;0.3035;0.2688
30/06/2021;8;Fortaleza;3;2;Chapecoense;H;0.59;0.27;0.14;0.63;0.22;0.15;0.62;0.24;0.14;0.3267;0.4823;0.1909;0.617;0.258;0.125;0.54;0.25;0.21;0.557071011595694;0.264199260019686;0.17872972838462;0.5571;0.2706;0.1722
30/06/2021;8;Internacional;1;2;Palmeiras;A;0.41;0.28;0.31;0.39;0.26;0.35;0.45;0.27;0.28;0.3612;0.3483;0.2905;0.41;0.264;0.326;0.38;0.26;0.36;0.420836138134907;0.272089196482237;0.307074665382856;0.3991;0.2956;0.3051
30/06/2021;8;Bahia;3;4;América-MG;A;0.53;0.31;0.16;0.63;0.22;0.15;0.49;0.28;0.23;0.4954;0.2744;0.2302;0.522;0.271;0.207;0.53;0.24;0.23;0.615174355151096;0.2534398565203;0.131385788328604;0.4705;0.2941;0.2352
30/06/2021;8;Santos;0;0;Sport;D;0.58;0.27;0.15;0.64;0.23;0.13;0.59;0.26;0.15;0.521;0.3128;0.1662;0.545;0.265;0.19;0.57;0.25;0.17;0.621147958726399;0.234236884046082;0.144615157227519;0.5829;0.2606;0.1564
30/06/2021;8;Corinthians;0;0;São Paulo;D;0.37;0.36;0.27;0.52;0.27;0.21;0.4;0.32;0.28;0.2802;0.4467;0.2731;0.262;0.253;0.485;0.41;0.28;0.31;0.411273456766011;0.301879870910882;0.286846672323107;0.3015;0.292;0.4063
30/06/2021;8;Juventude;2;0;Grêmio;H;0.24;0.32;0.44;0.34;0.29;0.37;0.28;0.38;0.34;0.4766;0.2105;0.3129;0.246;0.27;0.484;0.3;0.26;0.43;0.215800235573491;0.282445818416621;0.501753946009889;0.1876;0.276;0.5362
01/07/2021;8;Bragantino;0;0;Ceará;D;0.62;0.24;0.14;0.71;0.17;0.12;0.42;0.26;0.32;0.3182;0.5105;0.1713;0.502;0.245;0.253;0.61;0.22;0.17;0.610935447489932;0.217108102041397;0.171956450468671;0.5141;0.2767;0.209
01/07/2021;8;Atlético-MG;4;1;Atlético-GO;H;0.63;0.21;0.16;0.55;0.27;0.18;0.48;0.29;0.23;0.3788;0.3056;0.3156;0.482;0.271;0.246;0.55;0.25;0.2;0.512364154100909;0.264241920327089;0.223393925572002;0.5789;0.2589;0.1621
01/07/2021;8;Cuiabá;0;2;Flamengo;A;0.19;0.27;0.54;0.29;0.28;0.43;0.24;0.33;0.43;0.3976;0.3512;0.2512;0.207;0.238;0.555;0.14;0.19;0.67;0.253784735532111;0.26646484232772;0.479750422140169;0.1168;0.2337;0.6493
03/07/2021;9;América-MG;2;0;Santos;H;0.41;0.28;0.31;0.33;0.29;0.38;0.3;0.3499;0.3501;0.3035;0.497;0.1995;0.424;0.288;0.288;0.35;0.27;0.38;0.274310910918929;0.291110874737102;0.434578214343969;0.3225;0.2877;0.3897
03/07/2021;9;Athletico-PR;2;1;Fortaleza;H;0.49;0.3;0.21;0.59;0.23;0.18;0.54;0.25;0.21;0.3555;0.4314;0.2131;0.322;0.309;0.369;0.49;0.27;0.24;0.520464586082194;0.278947123115406;0.2005882908024;0.4485;0.2898;0.2616
03/07/2021;9;Corinthians;1;1;Internacional;D;0.42;0.28;0.3;0.52;0.27;0.21;0.41;0.29;0.3;0.2793;0.4066;0.3141;0.396;0.277;0.327;0.4;0.28;0.32;0.384976404356549;0.300015639257972;0.315007956385479;0.3921;0.2941;0.3137
04/07/2021;9;Chapecoense;0;2;Bahia;A;0.37;0.3;0.33;0.43;0.24;0.33;0.34;0.26;0.4;0.3002;0.3527;0.3471;0.358;0.256;0.386;0.38;0.24;0.37;0.360559544990135;0.260963321400167;0.378477133609698;0.3028;0.2888;0.4082
04/07/2021;9;Flamengo;0;1;Fluminense;A;0.57;0.25;0.18;0.61;0.23;0.16;0.48;0.32;0.2;0.4036;0.2724;0.324;0.484;0.244;0.272;0.74;0.17;0.09;0.617199501030966;0.210493625394105;0.172306873574929;0.5626;0.2594;0.1779
04/07/2021;9;Sport;0;1;Palmeiras;A;0.26;0.31;0.43;0.29;0.29;0.42;0.33;0.26;0.41;0.3928;0.278;0.3292;0.172;0.288;0.54;0.26;0.26;0.48;0.223365383160414;0.285144071396347;0.491490545443239;0.2492;0.2832;0.4674
04/07/2021;9;São Paulo;1;2;Bragantino;A;0.34;0.28;0.38;0.39;0.28;0.33;0.35;0.28;0.37;0.2018;0.4155;0.3827;0.479;0.24;0.281;0.39;0.27;0.34;0.38004816173527;0.282321524097504;0.337630314167226;0.4082;0.2888;0.3028
04/07/2021;9;Ceará;2;0;Juventude;H;0.54;0.26;0.2;0.52;0.27;0.21;0.45;0.27;0.28;0.2924;0.4854;0.2221;0.584;0.239;0.176;0.54;0.26;0.2;0.515059465054666;0.277306719287184;0.20763381565815;0.5362;0.276;0.1876
04/07/2021;9;Cuiabá;0;1;Atlético-MG;A;0.25;0.26;0.49;0.32;0.29;0.39;0.26;0.33;0.41;0.368;0.2854;0.3465;0.23;0.271;0.499;0.3;0.26;0.44;0.248641805996507;0.294577055711319;0.456781138292174;0.1971;0.2676;0.5352
04/07/2021;9;Grêmio;0;1;Atlético-GO;A;0.48;0.28;0.24;0.57;0.25;0.18;0.35;0.33;0.32;0.3592;0.3533;0.2875;0.465;0.276;0.259;0.57;0.24;0.19;0.538024341179369;0.261649065293838;0.200326593526793;0.514;0.2687;0.2172
06/07/2021;10;Santos;2;1;Athletico-PR;H;0.39;0.29;0.32;0.44;0.27;0.29;0.37;0.36;0.27;0.3739;0.3076;0.3185;0.373;0.283;0.344;0.45;0.28;0.27;0.404752004673617;0.286558201562092;0.308689793764291;0.4265;0.3127;0.2606
07/07/2021;10;Fortaleza;4;0;América-MG;H;0.53;0.26;0.21;0.59;0.23;0.18;0.56;0.24;0.2;0.4908;0.2647;0.2445;0.559;0.279;0.162;0.51;0.25;0.23;0.518296598690485;0.279723617621887;0.201979783687627;0.4942;0.2889;0.2168
07/07/2021;10;Bahia;1;0;Juventude;H;0.58;0.24;0.18;0.64;0.21;0.15;0.51;0.28;0.21;0.3208;0.4267;0.2525;0.575;0.232;0.193;0.54;0.25;0.21;0.574777814839179;0.244621417088635;0.180600768072185;0.4942;0.2889;0.2168
07/07/2021;10;Bragantino;1;1;Cuiabá;D;0.68;0.2;0.12;0.72;0.18;0.1;0.62;0.21;0.17;0.2572;0.5897;0.1531;0.673;0.225;0.102;0.69;0.2;0.1;0.703390655113598;0.214694850419879;0.0819144944665228;0.6106;0.2335;0.1557
07/07/2021;10;Palmeiras;2;0;Grêmio;H;0.56;0.26;0.18;0.65;0.21;0.14;0.5;0.26;0.24;0.5325;0.2754;0.1921;0.503;0.279;0.218;0.55;0.24;0.21;0.529554917944683;0.252001382242122;0.218443699813195;0.4942;0.2889;0.2168
07/07/2021;10;Atlético-MG;2;1;Flamengo;H;0.43;0.25;0.32;0.44;0.28;0.28;0.39;0.3;0.31;0.4104;0.2845;0.3051;0.392;0.249;0.359;0.28;0.24;0.48;0.406088227922939;0.239107774293019;0.354803997784042;0.4082;0.3028;0.2888
07/07/2021;10;Atlético-GO;1;1;Sport;D;0.53;0.26;0.21;0.49;0.3;0.21;0.5;0.3;0.2;0.4135;0.3712;0.2153;0.613;0.263;0.124;0.48;0.29;0.23;0.51775280965383;0.297302957832232;0.184944232513938;0.4942;0.2889;0.2168
07/07/2021;10;Fluminense;0;0;Ceará;D;0.52;0.28;0.2;0.57;0.25;0.18;0.3601;0.3599;0.28;0.342;0.4568;0.2012;0.453;0.263;0.284;0.48;0.27;0.25;0.461806419141608;0.273496368042678;0.264697212815714;0.4465;0.293;0.2604
07/07/2021;10;Internacional;0;2;São Paulo;A;0.45;0.31;0.24;0.51;0.26;0.23;0.46;0.27;0.27;0.3123;0.3949;0.2928;0.388;0.235;0.377;0.46;0.27;0.27;0.48213826501057;0.272479656548625;0.245382078440805;0.4188;0.3039;0.2771
08/07/2021;10;Chapecoense;0;1;Corinthians;A;0.31;0.35;0.34;0.34;0.29;0.37;0.27;0.37;0.36;0.2221;0.4071;0.3707;0.297;0.302;0.401;0.35;0.27;0.38;0.290897114037499;0.30535219798839;0.403750687974112;0.2768;0.3138;0.4093
10/07/2021;11;Palmeiras;3;2;Santos;H;0.52;0.26;0.22;0.61;0.23;0.16;0.46;0.28;0.26;0.3347;0.351;0.3143;0.606;0.241;0.153;0.58;0.24;0.18;0.556559488182706;0.241888448904557;0.201552062912737;0.5454;0.2759;0.1786
10/07/2021;11;Grêmio;0;0;Internacional;D;0.39;0.32;0.29;0.5;0.26;0.24;0.35;0.31;0.34;0.3335;0.3929;0.2736;0.347;0.271;0.381;0.47;0.26;0.27;0.444687237599999;0.270169471627866;0.285143290772135;0.4188;0.3039;0.2771
10/07/2021;11;Athletico-PR;2;2;Bragantino;D;0.44;0.26;0.3;0.51;0.24;0.25;0.38;0.29;0.33;0.3498;0.2593;0.3909;0.322;0.278;0.4;0.36;0.26;0.37;0.412741906487113;0.282379074517869;0.304879018995018;0.3747;0.3022;0.323
10/07/2021;11;São Paulo;1;0;Bahia;H;0.53;0.25;0.22;0.52;0.25;0.23;0.39;0.29;0.32;0.2292;0.4497;0.321;0.55;0.221;0.229;0.53;0.25;0.22;0.531646647462181;0.245566360511837;0.222786992025983;0.5362;0.276;0.1876
10/07/2021;11;América-MG;0;1;Atlético-MG;A;0.19;0.29;0.52;0.31;0.27;0.42;0.33;0.27;0.4;0.245;0.4316;0.3234;0.195;0.269;0.536;0.29;0.25;0.46;0.256564882098176;0.264270618742954;0.47916449915887;0.2857;0.3042;0.41
10/07/2021;11;Sport;1;2;Fluminense;A;0.34;0.35;0.31;0.34;0.33;0.33;0.31;0.31;0.38;0.2913;0.4335;0.2752;0.222;0.295;0.483;0.355;0.3;0.345;0.30062743764324;0.317221760462281;0.382150801894479;0.2888;0.3028;0.4082
11/07/2021;11;Juventude;1;1;Atlético-GO;D;0.38;0.33;0.29;0.41;0.3;0.29;0.39;0.35;0.26;0.4535;0.1855;0.361;0.29;0.281;0.429;0.4;0.3;0.3;0.297482708041333;0.344367469395115;0.358149822563551;0.3747;0.3022;0.323
11/07/2021;11;Flamengo;2;1;Chapecoense;H;0.72;0.17;0.11;0.74;0.17;0.09;0.6;0.22;0.18;0.3861;0.3487;0.2652;0.679;0.197;0.124;0.79;0.14;0.07;0.754904493075785;0.155989311981073;0.0891061949431413;0.7073;0.1881;0.1045
11/07/2021;11;Cuiabá;2;2;Ceará;D;0.42;0.31;0.27;0.41;0.3;0.29;0.33;0.35;0.32;0.2193;0.4998;0.2809;0.262;0.288;0.45;0.38;0.29;0.32;0.278008115213363;0.342679279917358;0.379312604869279;0.3688;0.3034;0.3277
11/07/2021;11;Fortaleza;1;0;Corinthians;H;0.46;0.31;0.23;0.5;0.27;0.23;0.48;0.29;0.23;0.3592;0.3917;0.2491;0.503;0.298;0.199;0.44;0.28;0.28;0.421117550831696;0.302196564356133;0.276685884812171;0.3924;0.3037;0.3037
17/07/2021;12;São Paulo;0;1;Fortaleza;A;0.43;0.28;0.29;0.46;0.28;0.26;0.46;0.27;0.27;0.297;0.48;0.223;0.476;0.255;0.269;0.5;0.27;0.23;0.479603425933062;0.281091946081746;0.239304627985192;0.5362;0.276;0.1876
17/07/2021;12;Ceará;1;0;Athletico-PR;H;0.51;0.28;0.21;0.4;0.26;0.34;0.43;0.28;0.29;0.4255;0.238;0.3365;0.488;0.265;0.247;0.42;0.27;0.31;0.375073913074429;0.289789174347483;0.335136912578089;0.3739;0.2921;0.3338
17/07/2021;12;Corinthians;1;2;Atlético-MG;A;0.39;0.31;0.3;0.4;0.32;0.28;0.31;0.34;0.35;0.3051;0.3679;0.327;0.329;0.304;0.367;0.34;0.28;0.37;0.398250049638343;0.287826990691901;0.313922959669756;0.3479;0.2935;0.3585
17/07/2021;12;Fluminense;0;1;Grêmio;A;0.48;0.28;0.24;0.54;0.28;0.18;0.43;0.3;0.27;0.4889;0.3038;0.2072;0.471;0.281;0.248;0.44;0.27;0.29;0.415104340387399;0.284976337953758;0.299919321658843;0.5141;0.2767;0.209
18/07/2021;12;Chapecoense;2;3;Cuiabá;A;0.52;0.26;0.22;0.47;0.27;0.26;0.39;0.28;0.33;0.1951;0.4771;0.3277;0.439;0.289;0.272;0.45;0.27;0.28;0.401778172371636;0.318086761684954;0.28013506594341;0.3613;0.303;0.3355
18/07/2021;12;Atlético-GO;0;3;Palmeiras;A;0.38;0.3;0.32;0.3;0.27;0.43;0.32;0.26;0.42;0.3568;0.3035;0.3397;0.332;0.283;0.385;0.25;0.25;0.5;0.303620003957607;0.289389345833545;0.406990650208848;0.2888;0.2844;0.4266
18/07/2021;12;Bahia;0;5;Flamengo;A;0.47;0.23;0.3;0.39;0.27;0.34;0.3;0.31;0.39;0.4394;0.2388;0.3218;0.337;0.239;0.424;0.23;0.22;0.55;0.333877075944549;0.23632001645073;0.42980290760472;0.377;0.2945;0.3284
18/07/2021;12;Internacional;1;0;Juventude;H;0.53;0.28;0.19;0.59;0.25;0.16;0.36;0.31;0.33;0.26;0.4789;0.2611;0.597;0.233;0.169;0.59;0.25;0.16;0.61385177797917;0.254176972523076;0.131971249497754;0.3606;0.3125;0.3267
18/07/2021;12;Bragantino;2;2;Santos;D;0.55;0.25;0.2;0.59;0.22;0.19;0.4;0.28;0.32;0.3539;0.4879;0.1582;0.585;0.23;0.185;0.52;0.25;0.23;0.557201907560524;0.232080502845528;0.210717589593948;0.4266;0.2844;0.2888
19/07/2021;12;América-MG;0;1;Sport;A;0.53;0.29;0.18;0.45;0.3;0.25;0.43;0.29;0.28;0.2873;0.5087;0.2039;0.512;0.302;0.186;0.44;0.28;0.28;0.38360491283409;0.330943998216734;0.285451088949176;0.4469;0.3027;0.2502
24/07/2021;13;Grêmio;1;1;América-MG;D;0.56;0.25;0.19;0.59;0.26;0.15;0.43;0.26;0.31;0.3602;0.3341;0.3057;0.539;0.288;0.173;0.59;0.23;0.17;0.64740225822739;0.232199603853238;0.120398137919372;0.3613;0.303;0.3355
24/07/2021;13;Palmeiras;1;0;Fluminense;H;0.54;0.26;0.2;0.63;0.22;0.15;0.4;0.27;0.33;0.4179;0.3903;0.1918;0.507;0.267;0.226;0.61;0.23;0.16;0.572082817065694;0.245261789470124;0.182655393464182;0.5105;0.2669;0.2224
25/07/2021;13;Atlético-MG;3;0;Bahia;H;0.6;0.22;0.18;0.67;0.2;0.13;0.47;0.28;0.25;0.4615;0.2741;0.2644;0.56;0.233;0.207;0.61;0.22;0.17;0.591316372784405;0.212800351937783;0.195883275277813;0.5141;0.2767;0.209
25/07/2021;13;Fortaleza;1;0;Bragantino;H;0.43;0.3;0.27;0.5;0.24;0.26;0.48;0.27;0.25;0.3734;0.3017;0.3248;0.442;0.275;0.283;0.39;0.27;0.34;0.361351935590698;0.27318194615988;0.365466118249422;0.3613;0.303;0.3355
25/07/2021;13;Flamengo;5;1;São Paulo;H;0.53;0.25;0.22;0.62;0.24;0.14;0.43;0.31;0.26;0.4455;0.2494;0.3051;0.485;0.227;0.288;0.67;0.2;0.13;0.559135150472251;0.236035465743354;0.204829383784395;0.4713;0.3041;0.2244
25/07/2021;13;Santos;0;1;Atlético-GO;A;0.54;0.26;0.2;0.63;0.22;0.15;0.63;0.23;0.14;0.4123;0.3343;0.2534;0.403;0.262;0.335;0.57;0.25;0.18;0.532581796780253;0.255686957682658;0.211731245537089;0.5109;0.2921;0.1968
25/07/2021;13;Athletico-PR;2;1;Internacional;H;0.5;0.29;0.21;0.59;0.23;0.18;0.41;0.28;0.31;0.3363;0.4567;0.207;0.379;0.271;0.35;0.42;0.27;0.31;0.442427443514326;0.288335274813889;0.269237281671785;0.4494;0.3146;0.2359
25/07/2021;13;Sport;0;0;Ceará;D;0.3;0.36;0.34;0.41;0.31;0.28;0.33;0.31;0.36;0.2105;0.4991;0.2904;0.24;0.295;0.465;0.37;0.3;0.33;0.304158384552009;0.308118903419606;0.387722712028385;0.3412;0.3351;0.3235
26/07/2021;13;Juventude;1;0;Chapecoense;H;0.44;0.32;0.24;0.49;0.27;0.24;0.47;0.28;0.25;0.3803;0.3975;0.2222;0.411;0.281;0.308;0.46;0.27;0.27;0.397805261196118;0.334003487291517;0.268191251512365;0.4465;0.293;0.2604
26/07/2021;13;Cuiabá;1;2;Corinthians;A;0.33;0.31;0.36;0.4;0.3;0.3;0.35;0.31;0.34;0.2579;0.4205;0.3216;0.304;0.312;0.383;0.37;0.29;0.34;0.375575124080889;0.298829254186971;0.32559562173214;0.2889;0.3353;0.3756
31/07/2021;14;São Paulo;0;0;Palmeiras;D;0.24;0.33;0.43;0.31;0.28;0.41;0.34;0.31;0.35;0.1624;0.3523;0.4852;0.346;0.262;0.392;0.34;0.27;0.39;0.337355111062647;0.284901621693566;0.377743267243787;0.3388;0.2951;0.3659
31/07/2021;14;Internacional;0;0;Cuiabá;D;0.56;0.24;0.2;0.57;0.24;0.19;0.43;0.29;0.28;0.1901;0.5344;0.2755;0.566;0.24;0.194;0.57;0.25;0.18;0.595964478209506;0.228234869989837;0.175800651800657;0.5493;0.2682;0.1823
31/07/2021;14;Bragantino;1;0;Grêmio;H;0.48;0.29;0.23;0.6;0.23;0.17;0.4;0.28;0.32;0.3638;0.4193;0.2169;0.488;0.271;0.241;0.51;0.25;0.24;0.51168733967814;0.253410029677318;0.234902630644542;0.4343;0.285;0.2806
01/08/2021;14;Corinthians;1;3;Flamengo;A;0.24;0.22;0.54;0.34;0.29;0.37;0.31;0.29;0.4;0.301;0.3398;0.3592;0.266;0.252;0.482;0.22;0.24;0.54;0.322073569048343;0.26900787522404;0.408918555727617;0.2539;0.277;0.4689
01/08/2021;14;Atlético-MG;2;0;Athletico-PR;H;0.61;0.22;0.17;0.57;0.24;0.19;0.52;0.26;0.22;0.5153;0.2011;0.2836;0.578;0.247;0.175;0.56;0.24;0.2;0.452634165080429;0.269519601106599;0.277846233812972;0.4696;0.2861;0.2442
01/08/2021;14;Bahia;0;1;Sport;A;0.55;0.21;0.24;0.51;0.27;0.22;0.4;0.29;0.31;0.3305;0.3501;0.3194;0.534;0.265;0.2;0.5;0.27;0.23;0.526269240165139;0.264505402557225;0.209225357277636;0.5052;0.2674;0.2273
01/08/2021;14;Chapecoense;0;1;Santos;A;0.28;0.31;0.41;0.34;0.27;0.39;0.33;0.27;0.4;0.2829;0.3496;0.3675;0.381;0.265;0.354;0.31;0.25;0.44;0.271659002005847;0.265778993072623;0.46256200492153;0.2601;0.2845;0.4552
01/08/2021;14;Ceará;3;1;Fortaleza;H;0.26;0.33;0.41;0.39;0.29;0.32;0.34;0.27;0.39;0.3115;0.2615;0.427;0.28;0.3;0.419;0.41;0.29;0.3;0.423235856060125;0.287539082642477;0.289225061297398;0.3497;0.3031;0.347
01/08/2021;14;Atlético-GO;1;1;América-MG;D;0.47;0.28;0.25;0.53;0.27;0.2;0.47;0.27;0.26;0.3764;0.3452;0.2783;0.488;0.285;0.227;0.46;0.26;0.28;0.532518081818549;0.28917885673187;0.178303061449581;0.38;0.2942;0.3257
02/09/2021;14;Fluminense;1;1;Juventude;D;0.54;0.27;0.19;0.58;0.26;0.16;;;;0.387;0.3867;0.2262;0.556;0.259;0.185;0.54;0.28;0.17;0.490268771062363;0.300305200315616;0.209426028622021;0.5808;0.2605;0.1585
06/08/2021;15;Sport;0;0;Bragantino;D;0.27;0.33;0.4;0.33;0.3;0.37;0.31;0.29;0.4;0.2269;0.3455;0.4276;0.208;0.292;0.5;0.29;0.28;0.43;0.236209418589223;0.289876988986332;0.473913592424445;0.2492;0.2832;0.4674
07/08/2021;15;Athletico-PR;1;2;São Paulo;A;0.48;0.29;0.23;0.57;0.24;0.19;0.42;0.28;0.3;0.4588;0.3512;0.19;0.317;0.258;0.425;0.4;0.28;0.31;0.464937355464423;0.290536948505651;0.244525696029926;0.3747;0.3022;0.323
07/08/2021;15;Palmeiras;2;3;Fortaleza;A;0.54;0.28;0.18;0.64;0.21;0.15;0.42;0.26;0.32;0.413;0.385;0.202;0.476;0.29;0.234;0.58;0.25;0.17;0.573903073821082;0.245561671890647;0.180535254288271;0.596;0.2599;0.1439
07/08/2021;15;Cuiabá;1;1;Bahia;D;0.35;0.28;0.37;0.51;0.25;0.24;0.36;0.31;0.33;0.34;0.3064;0.3536;0.385;0.268;0.347;0.43;0.27;0.3;0.451851555620658;0.259189676432427;0.288958767946915;0.323;0.3022;0.3747
08/08/2021;15;Santos;0;0;Corinthians;D;0.39;0.32;0.29;0.51;0.27;0.22;0.42;0.3;0.28;0.3901;0.3666;0.2433;0.389;0.284;0.327;0.49;0.28;0.23;0.470447540982683;0.277971198539451;0.251581260477866;0.4283;0.2944;0.2771
08/08/2021;15;América-MG;1;0;Fluminense;H;0.31;0.33;0.36;0.33;0.31;0.36;0.33;0.3;0.37;0.2548;0.4396;0.3056;0.303;0.297;0.4;0.355;0.28;0.365;0.277516410831805;0.313684616938968;0.408798972229227;0.3747;0.3022;0.323
08/08/2021;15;Juventude;1;2;Atlético-MG;A;0.21;0.28;0.51;0.24;0.3;0.46;0.31;0.29;0.4;0.3938;0.2312;0.375;0.188;0.26;0.552;0.25;0.28;0.47;0.238808529995299;0.308750082076925;0.452441387927775;0.1874;0.2677;0.5448
08/08/2021;15;Flamengo;0;4;Internacional;A;0.65;0.21;0.14;0.72;0.18;0.1;0.46;0.26;0.28;0.4402;0.2863;0.2735;0.636;0.196;0.168;0.69;0.19;0.12;0.576097063236718;0.221895216540296;0.202007720222986;0.6292;0.2359;0.1348
08/08/2021;15;Ceará;0;0;Atlético-GO;D;0.49;0.29;0.22;0.56;0.26;0.18;0.46;0.28;0.26;0.4596;0.2601;0.2803;0.502;0.258;0.24;0.53;0.26;0.2;0.492227042674791;0.276927678218378;0.230845279106831;0.4674;0.2832;0.2492
09/08/2021;15;Grêmio;2;1;Chapecoense;H;0.62;0.25;0.13;0.61;0.24;0.15;0.4;0.28;0.32;0.2941;0.4946;0.2113;0.602;0.253;0.145;0.61;0.23;0.15;0.648859138436512;0.220804282489549;0.130336579073939;0.5829;0.2606;0.1564
14/08/2021;16;Bragantino;1;2;Juventude;A;0.55;0.27;0.18;0.7;0.2;0.1;0.42;0.29;0.29;0.3554;0.5202;0.1244;0.644;0.234;0.122;0.62;0.25;0.13;0.642480716064787;0.240460238590029;0.117059045345184;0.5973;0.2437;0.1589
14/08/2021;16;Atlético-MG;2;0;Palmeiras;H;0.44;0.31;0.25;0.5;0.26;0.24;0.39;0.3;0.31;0.4767;0.1903;0.333;0.45;0.268;0.282;0.46;0.27;0.27;0.408945170825942;0.259155214196684;0.331899614977374;0.4557;0.268;0.2761
14/08/2021;16;São Paulo;2;1;Grêmio;H;0.39;0.32;0.29;0.47;0.3;0.23;0.38;0.33;0.29;0.4085;0.3282;0.2633;0.517;0.254;0.229;0.45;0.29;0.26;0.422891491018215;0.288854306897026;0.28825420208476;0.4572;0.2814;0.2613
15/08/2021;16;Flamengo;2;0;Sport;H;0.62;0.23;0.15;0.68;0.21;0.11;0.52;0.26;0.22;0.3789;0.2747;0.3464;0.746;0.178;0.076;0.74;0.18;0.08;0.697364329827943;0.192580003091889;0.110055667080168;0.7317;0.1463;0.1219
15/08/2021;16;Corinthians;3;1;Ceará;H;0.42;0.32;0.26;0.48;0.3;0.22;0.41;0.29;0.3;0.1411;0.6501;0.2088;0.383;0.304;0.313;0.45;0.31;0.24;0.418573011797064;0.300808026219381;0.280618961983555;0.4246;0.2808;0.2944
15/08/2021;16;Fortaleza;1;1;Santos;D;0.46;0.3;0.24;0.54;0.25;0.21;0.49;0.28;0.23;0.4692;0.3309;0.1999;0.571;0.249;0.18;0.45;0.28;0.26;0.439693207626784;0.269954022573861;0.290352769799355;0.4076;0.2866;0.3057
15/08/2021;16;Bahia;1;2;Atlético-GO;A;0.44;0.33;0.23;0.51;0.26;0.23;0.39;0.3;0.31;0.2885;0.2969;0.4146;0.42;0.261;0.319;0.5;0.27;0.23;0.435917523891091;0.274483983225466;0.289598492883443;0.4343;0.285;0.2806
15/08/2021;16;Cuiabá;1;0;Athletico-PR;H;0.34;0.36;0.3;0.39;0.26;0.35;0.34;0.33;0.33;0.346;0.3058;0.3482;0.363;0.286;0.351;0.39;0.29;0.32;0.31651584706244;0.296999313046783;0.386484839890777;0.3505;0.2848;0.3645
15/08/2021;16;Internacional;4;2;Fluminense;H;0.51;0.28;0.21;0.48;0.29;0.23;0.39;0.28;0.33;0.2861;0.4631;0.2507;0.461;0.263;0.276;0.48;0.28;0.24;0.506157608184487;0.273392072899392;0.22045031891612;0.4148;0.2808;0.3042
16/08/2021;16;Chapecoense;1;1;América-MG;D;0.29;0.36;0.35;0.45;0.28;0.27;0.36;0.26;0.38;0.2657;0.3166;0.4177;0.357;0.3;0.343;0.38;0.27;0.35;0.398276659492119;0.313753618403774;0.287969722104108;0.3383;0.281;0.3806
21/08/2021;17;Atlético-GO;1;1;Chapecoense;D;0.5;0.32;0.18;0.57;0.25;0.18;0.47;0.27;0.26;0.38;0.4171;0.2029;0.54;0.257;0.203;0.49;0.27;0.24;0.553605920628391;0.266535519159859;0.17985856021175;0.519;0.2747;0.2061
21/08/2021;17;Grêmio;2;0;Bahia;H;0.51;0.28;0.21;0.56;0.25;0.19;0.37;0.34;0.29;0.2965;0.4511;0.2524;0.518;0.257;0.225;0.51;0.27;0.22;0.56692271197893;0.233613699358025;0.199463588663045;0.4841;0.2967;0.219
21/08/2021;17;Juventude;1;1;Fortaleza;D;0.27;0.32;0.41;0.34;0.29;0.37;0.3;0.33;0.37;0.3318;0.3024;0.3658;0.236;0.283;0.481;0.3;0.3;0.4;0.316042344527646;0.322110649159158;0.361847006313196;0.2739;0.315;0.4109
22/08/2021;17;Palmeiras;0;2;Cuiabá;A;0.67;0.21;0.12;0.71;0.18;0.11;0.47;0.29;0.24;0.3026;0.5069;0.1905;0.642;0.24;0.118;0.61;0.24;0.14;0.615853403808099;0.237555863125677;0.146590733066225;0.6761;0.2186;0.1051
22/08/2021;17;Ceará;1;1;Flamengo;D;0.21;0.25;0.54;0.33;0.27;0.4;0.28;0.29;0.43;0.4282;0.2795;0.2923;0.292;0.232;0.476;0.22;0.24;0.54;0.329527396883022;0.246644422958154;0.423828180158823;0.2106;0.2682;0.5211
22/08/2021;17;Athletico-PR;0;1;Corinthians;A;0.38;0.34;0.28;0.5;0.27;0.23;0.3165;0.3449;0.3386;0.3281;0.3661;0.3057;0.376;0.301;0.323;0.42;0.3;0.28;0.459203042009359;0.299764416373449;0.241032541617192;0.4;0.3;0.3
22/08/2021;17;Santos;2;2;Internacional;D;0.41;0.28;0.31;0.49;0.27;0.24;0.43;0.28;0.29;0.2951;0.3888;0.3161;0.334;0.255;0.41;0.41;0.28;0.31;0.400793431120208;0.272321890568007;0.326884678311785;0.4;0.3;0.3
22/08/2021;17;Sport;0;1;São Paulo;A;0.29;0.31;0.4;0.37;0.34;0.29;0.33;0.31;0.36;0.289;0.3821;0.3289;0.189;0.271;0.54;0.31;0.31;0.38;0.275487233027068;0.327982029989328;0.396530736983603;0.2904;0.3001;0.4093
23/08/2021;17;Fluminense;1;1;Atlético-MG;D;0.25;0.27;0.48;0.33;0.3;0.37;0.31;0.3;0.39;0.3189;0.2512;0.4299;0.314;0.265;0.421;0.29;0.28;0.43;0.357507654771268;0.272022336185265;0.370470009043467;0.3264;0.3151;0.3584
23/08/2021;17;América-MG;0;2;Bragantino;A;0.31;0.35;0.34;0.32;0.28;0.4;0.34;0.29;0.37;0.2425;0.3967;0.3608;0.302;0.294;0.404;0.35;0.27;0.37;0.233153066450193;0.283888379200533;0.482958554349274;0.3338;0.306;0.36
28/08/2021;18;Sport;0;0;Chapecoense;D;0.43;0.35;0.22;0.51;0.3;0.19;0.41;0.35;0.24;0.3028;0.4519;0.2453;0.398;0.324;0.278;0.49;0.29;0.22;0.4295707381922;0.321277737566114;0.249151524241686;0.4485;0.2898;0.2616
28/08/2021;18;Santos;0;4;Flamengo;A;0.25;0.24;0.51;0.39;0.26;0.35;0.33;0.3;0.37;0.2792;0.4182;0.3025;0.244;0.222;0.534;0.26;0.25;0.49;0.357238800255778;0.242303734030585;0.400457465713638;0.2095;0.2514;0.5389
28/08/2021;18;Palmeiras;2;1;Athletico-PR;H;0.54;0.27;0.19;0.62;0.21;0.17;0.49;0.25;0.26;0.4852;0.201;0.3138;0.561;0.257;0.181;0.55;0.25;0.2;0.49985317433908;0.269800776719088;0.230346048941833;0.5798;0.2334;0.1867
28/08/2021;18;Grêmio;0;1;Corinthians;A;0.4;0.32;0.28;0.43;0.31;0.26;0.37;0.3;0.33;0.2368;0.4226;0.3406;0.446;0.311;0.242;0.46;0.3;0.23;0.454045455902468;0.295889840062966;0.250064704034566;0.4059;0.3111;0.2829
29/08/2021;18;América-MG;2;0;Ceará;H;0.34;0.35;0.31;0.38;0.3;0.32;0.38;0.3;0.32;0.2608;0.4879;0.2513;0.317;0.298;0.384;0.39;0.29;0.32;0.278167039333109;0.307175066782029;0.414657893884862;0.3835;0.3031;0.3132
29/08/2021;18;Juventude;1;1;São Paulo;D;0.29;0.33;0.38;0.37;0.31;0.32;0.35;0.33;0.32;0.3354;0.3265;0.338;0.234;0.254;0.512;0.31;0.31;0.38;0.298100542481849;0.328171643908035;0.373727813610116;0.2607;0.3027;0.4365
29/08/2021;18;Atlético-GO;0;0;Internacional;D;0.29;0.34;0.37;0.39;0.28;0.33;0.32;0.33;0.35;0.2086;0.514;0.2774;0.354;0.258;0.388;0.3;0.28;0.42;0.322516498284817;0.293680586746556;0.383802914968627;0.2768;0.2852;0.4378
29/08/2021;18;Bragantino;1;1;Atlético-MG;D;0.27;0.3;0.43;0.43;0.27;0.3;0.32;0.32;0.36;0.2401;0.4119;0.3479;0.363;0.27;0.367;0.32;0.28;0.4;0.470452305206819;0.251541555580369;0.278006139212813;0.3239;0.2846;0.3914
30/08/2021;18;Fluminense;2;0;Bahia;H;0.49;0.29;0.22;0.6;0.23;0.17;0.44;0.28;0.27;0.3786;0.3891;0.2323;0.51;0.245;0.245;0.5;0.27;0.23;0.51204928345631;0.25032622388907;0.23762449265462;0.4485;0.2898;0.2616
30/08/2021;18;Fortaleza;0;0;Cuiabá;D;0.53;0.27;0.2;0.6;0.23;0.17;0.47;0.31;0.22;0.3003;0.4778;0.2219;0.58;0.264;0.155;0.57;0.26;0.17;0.4515172517698;0.293570443947706;0.254912304282494;0.5352;0.2676;0.1971
04/09/2021;19;Bahia;4;2;Fortaleza;H;0.31;0.3;0.39;0.35;0.26;0.39;0.37;0.28;0.35;0.2451;0.3209;0.434;0.3;0.265;0.434;0.37;0.28;0.34;0.366849103888742;0.266904333992303;0.366246562118955;0.375;0.3125;0.3125
04/09/2021;19;Cuiabá;2;1;Santos;H;0.3;0.34;0.36;0.45;0.28;0.27;0.34;0.35;0.31;0.2596;0.4632;0.2772;0.444;0.283;0.273;0.34;0.3;0.36;0.409811388882984;0.298808026399445;0.291380584717572;0.3618;0.3244;0.3136
05/09/2021;19;Athletico-PR;0;0;Sport;D;0.56;0.27;0.17;0.57;0.27;0.16;0.45;0.28;0.27;0.3597;0.3393;0.3009;0.517;0.32;0.163;0.51;0.29;0.2;0.556609146830611;0.289210153665544;0.154180699503845;0.5071;0.2843;0.2085
07/09/2021;19;Corinthians;1;1;Juventude;D;0.54;0.27;0.19;0.6;0.26;0.14;0.41;0.31;0.28;0.2703;0.4885;0.2412;0.548;0.29;0.162;0.52;0.3;0.17;0.485338333429725;0.314715161504552;0.199946505065723;0.5071;0.2843;0.2085
07/09/2021;19;Chapecoense;1;2;Fluminense;A;0.21;0.3;0.49;0.33;0.29;0.38;0.26;0.29;0.45;0.3058;0.334;0.3601;0.297;0.274;0.429;0.3;0.27;0.43;0.284951358608178;0.292159467678756;0.422889173713066;0.2345;0.2843;0.4811
05/11/2021;19;Flamengo;2;0;Atlético-GO;H;0.61;0.25;0.14;0.69;0.2;0.11;;;;;;;0.645;0.209;0.146;0.69;0.2;0.1;0.642094996264472;0.213274544960698;0.14463045877483;0.6538;0.2353;0.1107
22/09/2021;19;São Paulo;0;0;América-MG;D;0.48;0.31;0.21;0.56;0.26;0.18;;;;0.3156;0.4825;0.2019;0.554;0.245;0.201;0.51;0.27;0.22;0.534689501820087;0.277829177687279;0.187481320492634;0.4811;0.2843;0.2345
03/11/2021;19;Atlético-MG;2;1;Grêmio;H;0.59;0.25;0.16;0.69;0.2;0.11;;;;;;;0.679;0.206;0.115;0.61;0.24;0.15;0.558021642175113;0.235944697718396;0.206033660106491;0.5526;0.2684;0.1789
21/10/2021;19;Internacional;1;1;Bragantino;D;0.47;0.29;0.24;0.5;0.24;0.26;;;;0.2117;0.4336;0.3547;0.462;0.249;0.289;0.47;0.27;0.26;0.46564700706913;0.259410783169386;0.274942209761484;0.4792;0.2678;0.2529
20/10/2021;19;Ceará;1;2;Palmeiras;A;0.27;0.32;0.41;0.358;0.28;0.362;;;;0.391;0.3218;0.2872;0.37;0.285;0.345;0.4;0.28;0.32;0.340968126284633;0.277621517521112;0.381410356194256;0.3384;0.3266;0.3348
11/09/2021;20;América-MG;2;0;Athletico-PR;H;0.39;0.32;0.29;0.39;0.28;0.33;0.45;0.29;0.26;0.4631;0.2111;0.3258;0.415;0.307;0.278;0.41;0.29;0.3;0.269586824433885;0.318201867647497;0.412211307918619;0.3921;0.2941;0.3137
11/09/2021;20;Juventude;1;2;Cuiabá;A;0.38;0.31;0.31;0.43;0.3;0.27;0.33;0.38;0.29;0.1859;0.5915;0.2226;0.379;0.311;0.309;0.44;0.32;0.24;0.331940988308399;0.345635706241799;0.322423305449802;0.4155;0.2922;0.2922
11/09/2021;20;Bragantino;1;2;Chapecoense;A;0.58;0.28;0.14;0.75;0.16;0.09;0.6;0.22;0.18;0.2831;0.5721;0.1448;0.641;0.228;0.131;0.61;0.23;0.16;0.702582316721673;0.190779638763432;0.106638044514895;0.6487;0.2075;0.1437
11/09/2021;20;Santos;0;0;Bahia;D;0.42;0.3;0.28;0.59;0.22;0.19;0.3547;0.2983;0.347;0.3855;0.3657;0.2488;0.417;0.25;0.333;0.49;0.26;0.25;0.543848694905478;0.228051786774334;0.228099518320187;0.4471;0.2845;0.2682
12/09/2021;20;Grêmio;2;0;Ceará;H;0.48;0.28;0.24;0.5;0.29;0.21;0.36;0.3;0.34;0.3048;0.4955;0.1997;0.433;0.287;0.28;0.49;0.29;0.22;0.488344521880319;0.271681335927374;0.239974142192307;0.483;0.2691;0.2478
12/09/2021;20;Palmeiras;1;3;Flamengo;A;0.37;0.3;0.33;0.47;0.24;0.29;0.3;0.27;0.43;0.3555;0.2742;0.3703;0.304;0.234;0.462;0.3;0.24;0.46;0.431604963896066;0.241908543052383;0.326486493051552;0.3262;0.2837;0.39
12/09/2021;20;Fortaleza;0;2;Atlético-MG;A;0.29;0.3;0.41;0.37;0.28;0.35;0.28;0.34;0.38;0.3001;0.4532;0.2467;0.345;0.272;0.383;0.28;0.27;0.44;0.365083609029038;0.267067811502878;0.367848579468084;0.2763;0.2763;0.4473
12/09/2021;20;Atlético-GO;1;1;Corinthians;D;0.31;0.32;0.37;0.36;0.33;0.31;0.35;0.33;0.32;0.175;0.4694;0.3556;0.379;0.312;0.309;0.36;0.32;0.32;0.35552885965439;0.327326209500536;0.317144930845075;0.3491;0.3142;0.3366
12/09/2021;20;Fluminense;2;1;São Paulo;H;0.41;0.31;0.28;0.48;0.29;0.23;0.38;0.28;0.34;0.2805;0.4452;0.2742;0.363;0.254;0.382;0.39;0.3;0.31;0.395852908447991;0.293811642282017;0.310335449269992;0.347;0.3123;0.3406
13/09/2021;20;Sport;0;1;Internacional;A;0.27;0.33;0.4;0.33;0.34;0.33;0.33;0.3;0.37;0.1703;0.5383;0.2914;0.218;0.298;0.483;0.3;0.31;0.39;0.234992231767719;0.316812549725477;0.448195218506805;0.2763;0.2763;0.4473
18/09/2021;21;Chapecoense;0;2;Palmeiras;A;0.16;0.26;0.58;0.28;0.25;0.47;0.25;0.29;0.46;0.2535;0.2106;0.5359;0.261;0.267;0.472;0.26;0.25;0.49;0.216418494363506;0.254907262362091;0.528674243274403;0.1874;0.2677;0.5448
18/09/2021;21;Athletico-PR;2;1;Juventude;H;0.48;0.29;0.23;0.59;0.24;0.17;0.38;0.31;0.31;0.29;0.4933;0.2167;0.453;0.29;0.257;0.49;0.3;0.21;0.508834538200022;0.293967291835491;0.197198169964488;0.4916;0.2747;0.2335
18/09/2021;21;Atlético-MG;3;0;Sport;H;0.75;0.18;0.07;0.66;0.25;0.09;0.58;0.26;0.15;0.4661;0.3511;0.1827;0.767;0.209;0.024;0.71;0.22;0.07;0.632069194014132;0.242997226988822;0.124933578997046;0.6493;0.2337;0.1168
18/09/2021;21;Ceará;0;0;Santos;D;0.42;0.32;0.26;0.45;0.28;0.27;0.41;0.3;0.29;0.3851;0.4733;0.1416;0.521;0.259;0.22;0.41;0.3;0.29;0.42188018810171;0.271675158628318;0.306444653269972;0.4471;0.2845;0.2682
18/09/2021;21;Bahia;1;1;Bragantino;D;0.39;0.31;0.3;0.37;0.25;0.38;0.37;0.29;0.34;0.2702;0.2657;0.4641;0.335;0.259;0.406;0.43;0.27;0.3;0.314701616724693;0.251935373463991;0.433363009811316;0.3225;0.2877;0.3897
19/09/2021;21;Internacional;1;0;Fortaleza;H;0.41;0.28;0.31;0.54;0.24;0.22;0.45;0.28;0.27;0.2807;0.4457;0.2736;0.46;0.258;0.282;0.5;0.27;0.23;0.529664490208772;0.255839203984192;0.214496305807036;0.4342;0.2828;0.2828
19/09/2021;21;São Paulo;2;1;Atlético-GO;H;0.4;0.33;0.27;0.53;0.28;0.19;0.45;0.31;0.24;0.2617;0.4162;0.3221;0.556;0.239;0.205;0.56;0.27;0.17;0.485570032851949;0.291496992412871;0.22293297473518;0.5333;0.2592;0.2074
19/09/2021;21;Corinthians;1;1;América-MG;D;0.44;0.31;0.25;0.58;0.26;0.16;0.4;0.29;0.31;0.2607;0.5341;0.2051;0.493;0.311;0.195;0.45;0.3;0.25;0.510316601155697;0.299133951445997;0.190549447398307;0.4469;0.3027;0.2502
19/09/2021;21;Flamengo;0;1;Grêmio;A;0.69;0.21;0.1;0.68;0.2;0.12;0.59;0.23;0.18;0.5768;0.1115;0.3117;0.664;0.196;0.14;0.68;0.2;0.12;0.573747722088243;0.223489734806976;0.202762543104781;0.5709;0.2451;0.1838
20/09/2021;21;Cuiabá;2;2;Fluminense;D;0.33;0.32;0.35;0.43;0.29;0.28;0.35;0.33;0.32;0.3766;0.3483;0.2751;0.364;0.288;0.348;0.345;0.3;0.355;0.439915021065158;0.298279677476131;0.261805301458711;0.4093;0.3138;0.2768
25/09/2021;22;Ceará;1;0;Chapecoense;H;0.51;0.29;0.2;0.58;0.25;0.17;0.49;0.25;0.25;0.326;0.5327;0.1413;0.553;0.257;0.189;0.56;0.26;0.18;0.570727918866813;0.251686303345617;0.17758577778757;0.514;0.2803;0.2056
25/09/2021;22;Corinthians;2;1;Palmeiras;H;0.29;0.34;0.37;0.42;0.28;0.3;0.34;0.31;0.35;0.257;0.4322;0.3108;0.274;0.314;0.412;0.34;0.3;0.36;0.345827078284791;0.294477773740415;0.359695147974795;0.3298;0.3078;0.3622
25/09/2021;22;São Paulo;0;0;Atlético-MG;D;0.28;0.32;0.4;0.32;0.3;0.38;0.32;0.28;0.4;0.2563;0.4308;0.3129;0.348;0.255;0.397;0.28;0.29;0.43;0.370397045774789;0.275919478912713;0.353683475312497;0.509;0.2618;0.229
26/09/2021;22;América-MG;1;1;Flamengo;D;0.21;0.26;0.53;0.26;0.26;0.48;0.28;0.25;0.47;0.2939;0.2753;0.4308;0.197;0.231;0.571;0.22;0.24;0.54;0.225767553104643;0.256648835300733;0.517583611594624;0.2027;0.2606;0.5366
26/09/2021;22;Fluminense;2;1;Bragantino;H;0.44;0.31;0.25;0.47;0.26;0.27;0.36;0.29;0.35;0.2597;0.4658;0.2745;0.411;0.27;0.319;0.43;0.28;0.29;0.368357714438869;0.275970998994179;0.355671286566952;0.38;0.2942;0.3257
26/09/2021;22;Internacional;2;0;Bahia;H;0.56;0.25;0.19;0.65;0.2;0.15;0.38;0.29;0.33;0.3773;0.4238;0.1989;0.557;0.23;0.213;0.53;0.26;0.21;0.604546674891935;0.220625493049002;0.174827832059063;0.4945;0.2614;0.2439
26/09/2021;22;Juventude;3;0;Santos;H;0.34;0.31;0.35;0.4;0.3;0.3;0.38;0.31;0.31;0.2694;0.4983;0.2323;0.416;0.286;0.297;0.34;0.31;0.35;0.340398244062053;0.298407839753306;0.36119391618464;0.3172;0.3034;0.3793
26/09/2021;22;Sport;0;1;Fortaleza;A;0.27;0.33;0.4;0.33;0.34;0.33;0.34;0.3;0.36;0.2715;0.3905;0.338;0.192;0.319;0.489;0.33;0.31;0.35;0.281083659570093;0.332561028292976;0.386355312136931;0.2866;0.3057;0.4076
26/09/2021;22;Athletico-PR;4;2;Grêmio;H;0.38;0.32;0.3;0.46;0.29;0.25;0.39;0.29;0.32;0.4466;0.2451;0.3083;0.325;0.306;0.369;0.38;0.3;0.31;0.396624372474238;0.299867833636951;0.30350779388881;0.3172;0.3034;0.3793
26/09/2021;22;Atlético-GO;0;0;Cuiabá;D;0.4;0.32;0.28;0.43;0.3;0.27;0.39;0.32;0.29;0.124;0.6362;0.2397;0.443;0.289;0.268;0.46;0.3;0.24;0.35930011034461;0.313538474180185;0.327161415475205;0.4357;0.2951;0.2691
02/10/2021;23;Fortaleza;0;3;Atlético-GO;A;0.56;0.26;0.18;0.55;0.26;0.19;0.51;0.28;0.2;0.3372;0.369;0.2938;0.523;0.269;0.208;0.51;0.28;0.21;0.461481359211551;0.294643756556545;0.243874884231904;0.5806;0.2493;0.1699
02/10/2021;23;Cuiabá;0;2;América-MG;A;0.41;0.32;0.27;0.49;0.29;0.22;0.41;0.28;0.31;0.2429;0.5596;0.1975;0.398;0.326;0.276;0.35;0.3;0.35;0.49102560313432;0.311263938742425;0.197710458123255;0.3406;0.3123;0.347
02/10/2021;23;Bragantino;2;2;Corinthians;D;0.33;0.3;0.37;0.47;0.27;0.26;0.34;0.31;0.35;0.1688;0.4685;0.3627;0.45;0.291;0.259;0.43;0.3;0.27;0.484436014802486;0.276439133298577;0.239124851898937;0.3391;0.3216;0.3391
02/10/2021;23;Atlético-MG;1;0;Internacional;H;0.52;0.25;0.23;0.6;0.24;0.16;0.46;0.28;0.26;0.4336;0.3597;0.2066;0.532;0.251;0.217;0.58;0.26;0.16;0.465706869059289;0.26381443340103;0.270478697539681;0.5333;0.2592;0.2074
03/10/2021;23;Flamengo;3;0;Athletico-PR;H;0.57;0.24;0.19;0.67;0.19;0.14;0.44;0.29;0.27;0.5662;0.0931;0.3407;0.707;0.179;0.114;0.67;0.2;0.13;0.580990188920376;0.222374125138496;0.196635685941128;0.6621;0.1951;0.1426
03/10/2021;23;Chapecoense;1;1;São Paulo;D;0.22;0.33;0.45;0.31;0.3;0.39;0.32;0.28;0.39;0.2324;0.297;0.4706;0.249;0.253;0.498;0.26;0.28;0.46;0.257210437340129;0.29405474016714;0.448734822492731;0.1985;0.2774;0.524
03/10/2021;23;Palmeiras;1;1;Juventude;D;0.54;0.26;0.2;0.65;0.21;0.14;0.48;0.28;0.24;0.3541;0.3455;0.3004;0.586;0.245;0.169;0.59;0.25;0.16;0.57585825779414;0.247011454633917;0.177130287571943;0.6222;0.2222;0.1555
03/10/2021;23;Grêmio;1;2;Sport;A;0.58;0.27;0.15;0.54;0.31;0.15;0.45;0.3;0.25;0.3031;0.4434;0.2534;0.627;0.291;0.082;0.58;0.28;0.14;0.584636721496642;0.276301276751379;0.139062001751979;0.637;0.2309;0.1319
27/10/2021;23;Santos;2;0;Fluminense;H;0.31;0.32;0.37;0.38;0.3;0.32;;;;;;;0.274;0.283;0.443;0.44;0.3;0.26;0.433456396375075;0.271440088095006;0.295103515529918;0.3491;0.3142;0.3366
27/10/2021;23;Bahia;1;1;Ceará;D;0.44;0.31;0.25;0.48;0.27;0.25;;;;;;;0.407;0.282;0.311;0.45;0.29;0.26;0.404665558085356;0.267683585951994;0.327650855962649;0.41;0.2857;0.3042
05/10/2021;24;Corinthians;3;1;Bahia;H;0.55;0.27;0.18;0.63;0.22;0.15;0.42;0.29;0.29;0.3729;0.457;0.1701;0.526;0.259;0.214;0.45;0.29;0.26;0.528945558678939;0.255205974206158;0.215848467114903;0.4908;0.2929;0.2162
06/10/2021;24;Ceará;0;0;Internacional;D;0.33;0.31;0.36;0.37;0.3;0.33;0.38;0.29;0.33;0.2983;0.5148;0.1868;0.341;0.28;0.379;0.37;0.3;0.33;0.333396984271248;0.291602147448204;0.375000868280548;0.3173;0.2962;0.3863
06/10/2021;24;Sport;3;1;Juventude;H;0.37;0.35;0.28;0.36;0.35;0.29;0.33;0.35;0.32;0.209;0.4766;0.3144;0.326;0.346;0.328;0.39;0.33;0.28;0.295938995615972;0.353001728614039;0.351059275769989;0.3577;0.2981;0.344
06/10/2021;24;Chapecoense;2;2;Atlético-MG;D;0.14;0.21;0.65;0.18;0.26;0.56;0.26;0.27;0.47;0.1192;0.4421;0.4387;0.154;0.25;0.596;0.15;0.23;0.62;0.201280910395814;0.252478776267588;0.546240313336598;0.163;0.2391;0.5978
06/10/2021;24;Atlético-GO;0;2;Athletico-PR;A;0.38;0.32;0.3;0.44;0.28;0.28;0.38;0.32;0.3;0.4232;0.4054;0.1714;0.485;0.276;0.239;0.38;0.3;0.32;0.37094717400441;0.308463662662266;0.320589163333324;0.3577;0.2981;0.344
06/10/2021;24;Bragantino;1;1;Flamengo;D;0.22;0.25;0.53;0.37;0.25;0.38;0.29;0.3;0.41;0.1723;0.4947;0.333;0.264;0.228;0.508;0.23;0.24;0.53;0.37701304784976;0.241230144521806;0.381756807628434;0.2662;0.292;0.4416
06/10/2021;24;Fluminense;0;2;Fortaleza;A;0.44;0.31;0.25;0.53;0.25;0.22;0.44;0.27;0.29;0.4101;0.3604;0.2295;0.441;0.265;0.294;0.44;0.28;0.28;0.465605451234459;0.27304656614903;0.261347982616511;0.4149;0.2973;0.2877
06/10/2021;24;América-MG;2;1;Palmeiras;H;0.28;0.33;0.39;0.35;0.28;0.37;0.32;0.32;0.35;0.3401;0.2752;0.3847;0.356;0.301;0.343;0.36;0.28;0.36;0.290284092964157;0.300108648296895;0.409607258738948;0.2687;0.2855;0.4457
06/10/2021;24;Grêmio;2;2;Cuiabá;D;0.49;0.28;0.23;0.49;0.28;0.23;0.35;0.33;0.32;0.1666;0.5104;0.323;0.495;0.286;0.219;0.58;0.26;0.16;0.47152406304088;0.288254380889658;0.240221556069462;0.5119;0.2889;0.199
07/10/2021;24;São Paulo;1;1;Santos;D;0.45;0.31;0.24;0.51;0.28;0.21;0.38;0.31;0.31;0.2807;0.5493;0.17;0.623;0.224;0.153;0.46;0.3;0.24;0.469341078631817;0.275554164446071;0.255104756922111;0.4729;0.3074;0.2195
09/10/2021;25;Fluminense;0;0;Atlético-GO;D;0.48;0.3;0.22;0.52;0.28;0.2;0.45;0.29;0.26;0.3396;0.3119;0.3484;0.476;0.272;0.252;0.49;0.29;0.22;0.454187977966665;0.293485793401225;0.252326228632109;0.4887;0.2901;0.221
09/10/2021;25;Atlético-MG;3;1;Ceará;H;0.61;0.25;0.14;0.66;0.23;0.11;0.45;0.36;0.19;0.5881;0.3181;0.0938;0.624;0.25;0.126;0.63;0.25;0.12;0.564806420207795;0.244728489812649;0.190465089979555;0.6457;0.2214;0.1328
09/10/2021;25;Sport;1;0;Corinthians;H;0.27;0.33;0.4;0.29;0.34;0.37;0.33;0.32;0.35;0.168;0.4324;0.3996;0.223;0.336;0.441;0.35;0.32;0.32;0.269602667891561;0.339882590035825;0.390514742072613;0.2475;0.2995;0.4529
09/10/2021;25;Fortaleza;0;3;Flamengo;A;0.28;0.28;0.44;0.32;0.26;0.42;0.33;0.31;0.36;0.236;0.4326;0.3314;0.266;0.233;0.501;0.25;0.26;0.49;0.29133046742173;0.247430549954699;0.461238982623571;0.2653;0.2814;0.4531
09/10/2021;25;Athletico-PR;0;2;Bahia;A;0.47;0.3;0.23;0.63;0.2;0.17;0.43;0.28;0.29;0.4935;0.3314;0.1751;0.467;0.256;0.277;0.46;0.27;0.27;0.560269424482924;0.237759979528699;0.201970595988377;0.4529;0.2995;0.2475
09/10/2021;25;Palmeiras;2;4;Bragantino;A;0.42;0.32;0.26;0.54;0.23;0.23;0.4;0.31;0.29;0.2642;0.3776;0.3582;0.444;0.266;0.29;0.5;0.26;0.24;0.477057237023903;0.253844339748284;0.269098423227813;0.5065;0.2726;0.2207
09/10/2021;25;Juventude;1;1;América-MG;D;0.34;0.33;0.33;0.43;0.29;0.28;0.37;0.29;0.34;0.258;0.5077;0.2343;0.327;0.303;0.37;0.37;0.3;0.33;0.395450287954329;0.317873517669839;0.286676194375832;0.3321;0.31;0.3577
10/10/2021;25;Internacional;5;2;Chapecoense;H;0.59;0.27;0.14;0.65;0.22;0.13;0.59;0.23;0.18;0.3801;0.4306;0.1892;0.633;0.228;0.139;0.62;0.23;0.15;0.66230292055573;0.216817778197485;0.120879301246785;0.605;0.2468;0.1481
10/10/2021;25;Santos;1;0;Grêmio;H;0.4;0.33;0.27;0.44;0.28;0.28;0.35;0.31;0.33;0.3721;0.3529;0.275;0.328;0.283;0.389;0.41;0.3;0.29;0.401843231098216;0.274235063338676;0.323921705563108;0.3591;0.3012;0.3395
11/10/2021;25;Cuiabá;0;0;São Paulo;D;0.3;0.33;0.37;0.42;0.3;0.28;0.28;0.29;0.43;0.2789;0.4076;0.3135;0.313;0.272;0.414;0.3;0.31;0.39;0.388389013758933;0.305990355578798;0.305620630662268;0.2477;0.3097;0.4424
12/10/2021;26;Bragantino;1;0;Atlético-GO;H;0.47;0.31;0.22;0.6;0.24;0.16;0.362;0.28;0.358;0.1887;0.5393;0.272;0.523;0.262;0.215;0.5;0.28;0.22;0.544187913391793;0.260192673399298;0.195619413208909;0.5294;0.2601;0.2103
12/10/2021;26;Bahia;0;0;Palmeiras;D;0.33;0.31;0.36;0.36;0.24;0.4;0.38;0.28;0.34;0.3777;0.2133;0.4089;0.359;0.254;0.387;0.38;0.27;0.35;0.315794999796122;0.247845206765323;0.436359793438555;0.2775;0.2862;0.4361
13/10/2021;26;Flamengo;3;1;Juventude;H;0.68;0.22;0.1;0.75;0.16;0.09;0.46;0.27;0.27;0.4529;0.2874;0.2596;0.762;0.158;0.08;0.73;0.18;0.08;0.686969285117918;0.187213263104339;0.125817451777744;0.7051;0.1929;0.1018
13/10/2021;26;Atlético-MG;3;1;Santos;H;0.63;0.24;0.13;0.68;0.21;0.11;0.5;0.3;0.2;0.5645;0.3117;0.1238;0.721;0.202;0.077;0.61;0.25;0.13;0.564302399701997;0.235254645281822;0.200442955016181;0.6306;0.2286;0.1406
13/10/2021;26;Chapecoense;1;1;Athletico-PR;D;0.28;0.34;0.38;0.35;0.26;0.39;0.28;0.32;0.4;0.3656;0.2861;0.3483;0.364;0.269;0.367;0.32;0.26;0.42;0.266372779780432;0.278704050941967;0.4549231692776;0.2758;0.28;0.444
13/10/2021;26;Fortaleza;1;0;Grêmio;H;0.42;0.32;0.26;0.49;0.27;0.24;0.4;0.32;0.28;0.4552;0.2012;0.3436;0.474;0.272;0.254;0.4;0.3;0.3;0.380314697692974;0.284060862073535;0.335624440233491;0.4457;0.2855;0.2687
13/10/2021;26;Corinthians;1;0;Fluminense;H;0.44;0.31;0.25;0.51;0.28;0.21;0.4;0.29;0.31;0.3219;0.4905;0.1876;0.444;0.287;0.268;0.46;0.3;0.24;0.448185146748432;0.292557043097084;0.259257810154484;0.4696;0.2861;0.2442
13/10/2021;26;Internacional;3;1;América-MG;H;0.52;0.3;0.18;0.56;0.26;0.18;0.4;0.3;0.3;0.2859;0.5309;0.1832;0.523;0.269;0.208;0.51;0.27;0.22;0.535541378944019;0.277515764306544;0.186942856749438;0.4552;0.2845;0.2601
14/10/2021;26;São Paulo;1;1;Ceará;D;0.45;0.33;0.22;0.5;0.3;0.2;0.46;0.33;0.21;0.3546;0.5389;0.1065;0.514;0.261;0.225;0.5;0.3;0.2;0.467872956542418;0.290910460603082;0.2412165828545;0.497;0.2756;0.2273
14/10/2021;26;Cuiabá;1;0;Sport;H;0.39;0.32;0.29;0.48;0.32;0.2;0.46;0.29;0.25;0.2323;0.4625;0.3052;0.482;0.332;0.186;0.4;0.33;0.27;0.484616711782762;0.323538411632814;0.191844876584424;0.4156;0.3153;0.2689
16/10/2021;27;Chapecoense;1;2;Fortaleza;A;0.29;0.32;0.39;0.35;0.27;0.38;0.34;0.27;0.39;0.2043;0.4239;0.3718;0.283;0.262;0.454;0.3;0.27;0.43;0.307449473965674;0.281951213903552;0.410599312130774;0.2273;0.2756;0.497
16/10/2021;27;América-MG;0;0;Bahia;D;0.38;0.32;0.3;0.51;0.26;0.23;0.49;0.29;0.22;0.4472;0.3183;0.2345;0.476;0.275;0.249;0.45;0.28;0.27;0.445052575393435;0.279335108106767;0.275612316499798;0.5052;0.2674;0.2273
17/10/2021;27;Palmeiras;1;0;Internacional;H;0.39;0.31;0.3;0.5;0.24;0.26;0.345;0.335;0.32;0.2125;0.4361;0.3514;0.38;0.257;0.363;0.41;0.27;0.31;0.430814530811486;0.267370672568395;0.301814796620119;0.4792;0.2678;0.2529
17/10/2021;27;Athletico-PR;0;1;Fluminense;A;0.36;0.33;0.31;0.47;0.27;0.26;0.44;0.27;0.29;0.3959;0.3455;0.2586;0.363;0.284;0.353;0.44;0.29;0.27;0.459816578655014;0.283304467321167;0.256878954023818;0.38;0.2942;0.3257
17/10/2021;27;Grêmio;3;2;Juventude;H;0.43;0.31;0.26;0.52;0.27;0.21;0.34;0.33;0.33;0.3392;0.459;0.2018;0.509;0.269;0.222;0.51;0.29;0.2;0.527226575341824;0.263571217961166;0.20920220669701;0.572;0.2615;0.1664
17/10/2021;27;Ceará;2;2;Bragantino;D;0.36;0.3;0.34;0.35;0.28;0.37;0.36;0.32;0.32;0.2633;0.5052;0.2315;0.349;0.281;0.37;0.42;0.29;0.29;0.34297081699458;0.276374870595066;0.380654312410353;0.38;0.2942;0.3257
17/10/2021;27;Atlético-GO;2;1;Atlético-MG;H;0.19;0.27;0.54;0.25;0.3;0.45;0.23;0.32;0.45;0.146;0.5771;0.2769;0.227;0.278;0.495;0.21;0.28;0.51;0.293051281142738;0.291185938066206;0.415762780791056;0.174;0.2437;0.5821
17/10/2021;27;Flamengo;0;0;Cuiabá;D;0.68;0.21;0.11;0.72;0.18;0.1;0.43;0.31;0.26;0.3053;0.3954;0.2993;0.743;0.172;0.085;0.77;0.17;0.06;0.622058907021019;0.219922223946259;0.158018869032723;0.7029;0.1827;0.1142
17/10/2021;27;Sport;0;0;Santos;D;0.34;0.35;0.31;0.38;0.34;0.28;0.44;0.29;0.27;0.3455;0.3762;0.2783;0.399;0.336;0.265;0.35;0.32;0.32;0.305363457955644;0.321754342318939;0.372882199725416;0.3257;0.2942;0.38
18/10/2021;27;São Paulo;1;0;Corinthians;H;0.31;0.33;0.36;0.39;0.32;0.29;0.39;0.37;0.23;0.1793;0.5741;0.2466;0.373;0.292;0.334;0.49;0.31;0.2;0.414925987880032;0.310337979070353;0.274736033049615;0.4264;0.2957;0.2778
23/10/2021;28;Santos;0;2;América-MG;A;0.39;0.33;0.28;0.46;0.29;0.25;0.3596;0.277;0.3634;0.2433;0.5834;0.1733;0.323;0.313;0.364;0.45;0.29;0.25;0.465329544189619;0.293308859959661;0.241361595850719;0.4432;0.2908;0.2659
23/10/2021;28;Juventude;0;0;Ceará;D;0.37;0.32;0.31;0.45;0.28;0.27;0.43;0.29;0.28;0.3154;0.5346;0.15;0.365;0.277;0.358;0.38;0.3;0.32;0.400848539820469;0.280532544667948;0.318618915511583;0.4432;0.2908;0.2659
23/10/2021;28;Fluminense;3;1;Flamengo;H;0.28;0.32;0.4;0.3;0.28;0.42;0.31;0.3;0.39;0.313;0.366;0.321;0.179;0.226;0.595;0.22;0.26;0.52;0.290094157624195;0.253346736690034;0.456559105685771;0.4432;0.2908;0.2659
23/10/2021;28;Fortaleza;3;0;Athletico-PR;H;0.47;0.31;0.22;0.51;0.25;0.24;0.47;0.29;0.24;0.4389;0.2587;0.3024;0.508;0.261;0.23;0.47;0.29;0.24;0.401091194338494;0.290362778744355;0.308546026917151;0.5223;0.2686;0.2089
24/10/2021;28;Atlético-MG;2;1;Cuiabá;H;0.62;0.24;0.14;0.66;0.22;0.12;0.51;0.33;0.16;0.4102;0.4482;0.1416;0.692;0.222;0.085;0.71;0.21;0.08;0.519674771875093;0.27284613943812;0.207479088686788;0.6227;0.2335;0.1437
24/10/2021;28;Internacional;2;2;Corinthians;D;0.46;0.3;0.24;0.48;0.28;0.24;0.43;0.34;0.23;0.356;0.4301;0.2138;0.495;0.271;0.234;0.43;0.3;0.26;0.490914296008863;0.283050172328177;0.22603553166296;0.5841;0.2459;0.1699
24/10/2021;28;Bragantino;1;0;São Paulo;H;0.39;0.33;0.28;0.53;0.26;0.21;0.32;0.31;0.37;0.2663;0.5474;0.1863;0.449;0.254;0.296;0.38;0.3;0.32;0.491293095098187;0.267469387351334;0.241237517550479;0.4953;0.2863;0.2182
24/10/2021;28;Bahia;3;0;Chapecoense;H;0.53;0.29;0.18;0.57;0.23;0.2;0.52;0.26;0.22;0.3663;0.4139;0.2198;0.527;0.245;0.228;0.59;0.24;0.17;0.559863834437621;0.236423857998494;0.203712307563884;0.4953;0.2863;0.2182
25/10/2021;28;Atlético-GO;2;0;Grêmio;H;0.36;0.34;0.3;0.44;0.3;0.26;0.39;0.32;0.29;0.4504;0.3067;0.2429;0.434;0.288;0.278;0.34;0.31;0.35;0.365122942841934;0.305848186611836;0.329028870546231;0.4229;0.2907;0.2862
25/10/2021;28;Palmeiras;2;1;Sport;H;0.56;0.28;0.16;0.61;0.25;0.14;0.55;0.27;0.18;0.3534;0.3097;0.3369;0.627;0.276;0.097;0.55;0.27;0.18;0.60850464301778;0.255137607135011;0.136357749847209;0.5841;0.2459;0.1699
30/10/2021;29;Athletico-PR;0;1;Santos;A;0.43;0.31;0.26;0.5;0.26;0.24;0.44;0.28;0.28;0.3261;0.3948;0.2791;0.492;0.274;0.233;0.43;0.3;0.27;0.454178560523498;0.277724242502886;0.268097196973615;0.4265;0.3127;0.2606
30/10/2021;29;Flamengo;1;0;Atlético-MG;H;0.38;0.32;0.3;0.5;0.25;0.25;0.38;0.3;0.32;0.3331;0.3466;0.3203;0.443;0.234;0.323;0.46;0.26;0.28;0.533313922544712;0.22194117160382;0.244744905851469;0.4531;0.2814;0.2653
30/10/2021;29;Juventude;0;0;Bahia;D;0.35;0.33;0.32;0.46;0.27;0.27;0.39;0.31;0.3;0.2989;0.4882;0.2128;0.371;0.269;0.36;0.39;0.3;0.31;0.432426131672349;0.267711427920154;0.299862440407497;0.3559;0.3109;0.3331
30/10/2021;29;América-MG;2;1;Fortaleza;H;0.36;0.31;0.33;0.42;0.29;0.29;0.37;0.31;0.32;0.319;0.3629;0.3181;0.406;0.296;0.298;0.39;0.3;0.31;0.393912915490133;0.309471128192215;0.296615956317652;0.3651;0.3103;0.3244
31/10/2021;29;Grêmio;1;3;Palmeiras;A;0.31;0.33;0.36;0.38;0.27;0.35;0.32;0.36;0.32;0.2941;0.3628;0.3431;0.352;0.271;0.376;0.4;0.28;0.32;0.388023976891221;0.270015169063449;0.34196085404533;0.3372;0.2991;0.3636
31/10/2021;29;Ceará;1;0;Fluminense;H;0.37;0.32;0.31;0.39;0.31;0.3;0.4;0.31;0.29;0.3465;0.4834;0.1701;0.384;0.298;0.318;0.43;0.3;0.27;0.409556486998748;0.292120568180814;0.298322944820437;0.3843;0.318;0.2975
31/10/2021;29;São Paulo;1;0;Internacional;H;0.39;0.32;0.29;0.41;0.3;0.29;0.41;0.33;0.26;0.2838;0.5519;0.1643;0.415;0.262;0.323;0.46;0.3;0.24;0.372458623200865;0.299355156871654;0.328186219927481;0.479;0.2874;0.2335
31/10/2021;29;Sport;2;0;Atlético-GO;H;0.35;0.32;0.33;0.34;0.37;0.29;0.41;0.31;0.28;0.2795;0.3837;0.3368;0.242;0.356;0.402;0.41;0.32;0.26;0.292578755981445;0.360925606158945;0.34649563785961;0.3843;0.318;0.2975
01/11/2021;29;Cuiabá;1;0;Bragantino;H;0.3;0.32;0.38;0.38;0.28;0.34;0.33;0.3;0.37;0.2076;0.514;0.2784;0.299;0.293;0.408;0.34;0.29;0.37;0.346357272254712;0.298901707860566;0.354741019884722;0.2987;0.2987;0.4025
01/11/2021;29;Corinthians;1;0;Chapecoense;H;0.6;0.25;0.15;0.69;0.2;0.11;0.73;0.17;0.09;0.416;0.3824;0.2015;0.64;0.229;0.131;0.53;0.26;0.21;0.62479471753286;0.233453902313428;0.141751380153712;0.6838;0.2066;0.1094
06/11/2021;30;Corinthians;1;0;Fortaleza;H;0.47;0.29;0.24;0.52;0.26;0.22;0.43;0.27;0.3;0.3582;0.3243;0.3175;0.454;0.278;0.268;0.42;0.31;0.27;0.462026020095062;0.286918395097814;0.251055584807125;0.4317;0.2968;0.2713
06/11/2021;30;Internacional;1;0;Grêmio;H;0.47;0.33;0.2;0.59;0.23;0.18;0.43;0.29;0.27;0.3601;0.4685;0.1714;0.486;0.261;0.253;0.44;0.28;0.28;0.52467258414928;0.254968463661494;0.220358952189226;0.4407;0.296;0.2631
06/11/2021;30;Fluminense;1;0;Sport;H;0.52;0.31;0.17;0.51;0.31;0.18;0.59;0.24;0.17;0.4591;0.3488;0.1921;0.579;0.296;0.125;0.48;0.3;0.22;0.516406977086427;0.300484734374476;0.183108288539098;0.5844;0.2597;0.1558
07/11/2021;30;Santos;0;2;Palmeiras;A;0.25;0.33;0.42;0.36;0.27;0.37;0.34;0.28;0.38;0.3101;0.3513;0.3386;0.288;0.273;0.439;0.34;0.29;0.37;0.357645124269859;0.268559574010216;0.373795301719925;0.2751;0.3026;0.4222
07/11/2021;30;Atlético-MG;1;0;América-MG;H;0.57;0.28;0.15;0.66;0.22;0.12;0.51;0.28;0.21;0.4968;0.2658;0.2374;0.556;0.271;0.173;0.63;0.24;0.14;0.567366459974513;0.251465292108933;0.181168247916553;0.6322;0.2276;0.14
07/11/2021;30;Bragantino;0;2;Athletico-PR;A;0.46;0.32;0.22;0.61;0.21;0.18;0.39;0.29;0.32;0.4776;0.3465;0.1759;0.571;0.241;0.188;0.44;0.27;0.29;0.543717691100835;0.24876930896933;0.207512999929835;0.4927;0.2817;0.2254
07/11/2021;30;Bahia;1;0;São Paulo;H;0.42;0.31;0.27;0.39;0.31;0.3;0.39;0.3;0.31;0.3215;0.4602;0.2183;0.351;0.277;0.372;0.37;0.32;0.31;0.361365337614726;0.288993144700773;0.349641517684501;0.303;0.3134;0.3835
07/11/2021;30;Ceará;1;0;Cuiabá;H;0.41;0.34;0.25;0.42;0.31;0.27;0.37;0.33;0.3;0.1959;0.6616;0.1425;0.447;0.333;0.22;0.51;0.3;0.19;0.382676959417738;0.332548024682353;0.284775015899909;0.4729;0.3074;0.2195
08/11/2021;30;Chapecoense;2;2;Flamengo;D;0.15;0.23;0.62;0.17;0.22;0.61;0.15;0.27;0.58;0.1026;0.4855;0.4119;0.159;0.202;0.639;0.16;0.21;0.63;0.160425865632925;0.206082754326907;0.633491380040168;0.1214;0.2277;0.6507
23/11/2021;30;Atlético-GO;1;1;Juventude;D;0.47;0.29;0.24;0.43;0.31;0.26;0.44;0.31;0.25;;;;0.45;0.3;0.25;0.41;0.32;0.27;0.401781443761917;0.322854554323497;0.275364001914586;0.4233;0.3104;0.2661
04/11/2021;31;Cuiabá;0;0;Chapecoense;D;0.47;0.33;0.2;0.61;0.24;0.15;;;;;;;0.571;0.266;0.163;0.52;0.27;0.21;0.59534601767501;0.258319934756995;0.146334047567995;0.5634;0.2494;0.187
09/11/2021;31;Grêmio;1;0;Fluminense;H;0.37;0.3;0.33;0.41;0.29;0.3;0.3402;0.34;0.3198;0.3644;0.314;0.3216;0.37;0.281;0.349;0.44;0.29;0.27;0.455131205486644;0.276790187752826;0.26807860676053;0.4324;0.3171;0.2503
10/11/2021;31;Athletico-PR;2;1;Ceará;H;0.53;0.29;0.18;0.5;0.27;0.23;0.54;0.25;0.21;0.2543;0.4584;0.2873;0.413;0.293;0.294;0.47;0.29;0.24;0.459812619500622;0.287371219629164;0.252816160870214;0.4713;0.3041;0.2244
10/11/2021;31;Santos;2;0;Bragantino;H;0.34;0.3;0.36;0.38;0.28;0.34;0.35;0.26;0.39;0.2372;0.4519;0.3108;0.277;0.272;0.451;0.42;0.29;0.29;0.36484024733131;0.268585563678003;0.366574188990687;0.3783;0.2955;0.3261
10/11/2021;31;Atlético-MG;3;0;Corinthians;H;0.57;0.27;0.16;0.57;0.26;0.17;0.59;0.27;0.14;0.5234;0.3206;0.1559;0.599;0.249;0.152;0.56;0.28;0.16;0.522448257303615;0.262520839187328;0.215030903509057;0.587;0.2779;0.135
10/11/2021;31;Palmeiras;4;0;Atlético-GO;H;0.59;0.26;0.15;0.63;0.22;0.15;0.65;0.21;0.14;0.4464;0.2545;0.2991;0.529;0.261;0.209;0.62;0.24;0.14;0.570736748182754;0.253265646108463;0.175997605708783;0.6578;0.2368;0.1052
10/11/2021;31;Fortaleza;1;1;São Paulo;D;0.44;0.3;0.26;0.46;0.29;0.25;0.37;0.3;0.33;0.4126;0.3331;0.2543;0.402;0.273;0.325;0.37;0.32;0.31;0.39534841221209;0.301010936080921;0.303640651706989;0.3939;0.3151;0.2909
10/11/2021;31;Sport;2;3;América-MG;A;0.32;0.33;0.35;0.37;0.35;0.28;0.4;0.29;0.31;0.2619;0.4543;0.2838;0.251;0.372;0.377;0.35;0.31;0.34;0.30529355320783;0.362255264015882;0.332451182776288;0.3125;0.3125;0.375
10/11/2021;31;Juventude;2;1;Internacional;H;0.27;0.31;0.42;0.34;0.28;0.38;0.39;0.31;0.3;0.2697;0.5363;0.194;0.271;0.265;0.464;0.36;0.3;0.34;0.286886884313639;0.2892761028251;0.42383701286126;0.2768;0.3138;0.4093
11/11/2021;31;Flamengo;3;0;Bahia;H;0.6;0.24;0.16;0.73;0.17;0.1;0.52;0.27;0.21;0.3946;0.3559;0.2495;0.658;0.199;0.142;0.59;0.24;0.17;0.700341448302096;0.172097294771599;0.127561256926305;0.6866;0.1966;0.1167
13/11/2021;32;Atlético-GO;0;0;Santos;D;0.35;0.33;0.32;0.41;0.31;0.28;0.37;0.32;0.31;0.2901;0.5078;0.2021;0.475;0.292;0.233;0.38;0.31;0.3;0.382599401148142;0.303463360866324;0.313937237985534;0.3875;0.3062;0.3062
13/11/2021;32;América-MG;3;1;Grêmio;H;0.46;0.3;0.24;0.49;0.28;0.23;0.52;0.28;0.2;0.5588;0.2198;0.2214;0.499;0.279;0.222;0.4;0.29;0.31;0.409545181448577;0.295499880186544;0.294954938364879;0.3835;0.3031;0.3132
13/11/2021;32;Internacional;2;1;Athletico-PR;H;0.53;0.26;0.21;0.56;0.24;0.2;0.45;0.3;0.25;0.4742;0.3265;0.1993;0.537;0.251;0.212;0.46;0.28;0.26;0.513861660018387;0.266875206637462;0.219263133344151;0.5181;0.2664;0.2153
13/11/2021;32;Bragantino;3;0;Fortaleza;H;0.43;0.31;0.26;0.53;0.24;0.23;0.39;0.27;0.34;0.3824;0.3194;0.2982;0.475;0.257;0.268;0.39;0.28;0.33;0.53864829607186;0.246577920064376;0.214773783863765;0.4851;0.2782;0.2365
13/11/2021;32;Corinthians;3;2;Cuiabá;H;0.56;0.28;0.16;0.52;0.29;0.19;0.48;0.29;0.23;0.2988;0.4983;0.2028;0.493;0.33;0.177;0.55;0.29;0.16;0.41680570559939;0.340249434874512;0.242944859526098;0.5961;0.2431;0.1606
14/11/2021;32;São Paulo;0;4;Flamengo;A;0.29;0.3;0.41;0.3;0.29;0.41;0.34;0.3;0.36;0.2439;0.5388;0.2173;0.309;0.245;0.446;0.34;0.29;0.37;0.328096966680879;0.270212218507025;0.401690814812096;0.292;0.2831;0.4247
14/11/2021;32;Fluminense;2;1;Palmeiras;H;0.27;0.31;0.42;0.38;0.27;0.35;0.32;0.33;0.35;0.3715;0.3162;0.3123;0.352;0.272;0.376;0.35;0.29;0.36;0.34026626597465;0.277967016510282;0.381766717515067;0.2831;0.292;0.4247
14/11/2021;32;Ceará;2;1;Sport;H;0.51;0.3;0.19;0.46;0.33;0.21;0.51;0.27;0.22;0.4677;0.4014;0.1309;0.556;0.304;0.139;0.52;0.29;0.19;0.510950484583865;0.300860925375058;0.188188590041077;0.5027;0.2906;0.2066
14/11/2021;32;Chapecoense;0;2;Juventude;A;0.34;0.36;0.3;0.4;0.28;0.32;0.3;0.29;0.41;0.3074;0.4777;0.2149;0.383;0.269;0.348;0.31;0.28;0.41;0.34333673556529;0.291332596383774;0.365330668050937;0.3062;0.3062;0.3875
02/12/2021;32;Bahia;2;3;Atlético-MG;A;0.23;0.21;0.56;0.24;0.27;0.49;;;;;;;0.217;0.255;0.528;0.34;0.29;0.37;0.28313298181312;0.257460112101698;0.459406906085183;0.2027;0.2606;0.5366
16/11/2021;33;Athletico-PR;0;1;Atlético-MG;A;0.16;0.25;0.59;0.29;0.27;0.44;0.33;0.29;0.37;0.3301;0.3137;0.3562;0.23;0.254;0.516;0.28;0.28;0.44;0.350361084548964;0.275392731240982;0.374246184210053;0.2172;0.2687;0.514
16/11/2021;33;Grêmio;3;0;Bragantino;H;0.46;0.29;0.25;0.38;0.27;0.35;0.36;0.31;0.33;0.3116;0.3816;0.3068;0.328;0.266;0.406;0.45;0.27;0.28;0.386513154073261;0.268005424841915;0.345481421084824;0.4916;0.2747;0.2335
17/11/2021;33;Santos;2;0;Chapecoense;H;0.58;0.25;0.17;0.6;0.24;0.16;0.58;0.21;0.21;0.3766;0.4017;0.2216;0.523;0.268;0.208;0.58;0.26;0.16;0.617978402039876;0.230830500374254;0.15119109758587;0.6515;0.2233;0.125
17/11/2021;33;América-MG;0;0;Atlético-GO;D;0.53;0.28;0.19;0.52;0.28;0.2;0.58;0.24;0.18;0.4689;0.3143;0.2168;0.513;0.289;0.198;0.52;0.27;0.2;0.470959819162222;0.30667342503575;0.222366755802028;0.5225;0.2893;0.1881
17/11/2021;33;Cuiabá;1;0;Internacional;H;0.3;0.34;0.36;0.38;0.3;0.32;0.35;0.32;0.33;0.3637;0.4267;0.2096;0.31;0.301;0.389;0.35;0.29;0.36;0.338809051246032;0.317154984583037;0.344035964170931;0.3125;0.3125;0.375
17/11/2021;33;Fortaleza;0;4;Ceará;A;0.41;0.32;0.27;0.51;0.27;0.22;0.4;0.26;0.33;0.1873;0.456;0.3567;0.361;0.295;0.343;0.49;0.28;0.23;0.440642864712556;0.283551775501616;0.275805359785827;0.4452;0.2876;0.2671
17/11/2021;33;Palmeiras;0;2;São Paulo;A;0.52;0.28;0.2;0.6;0.24;0.16;0.49;0.27;0.24;0.3455;0.3437;0.3108;0.427;0.273;0.3;0.46;0.29;0.25;0.540330087007743;0.257818621320343;0.201851291671914;0.4689;0.2842;0.2468
17/11/2021;33;Juventude;1;0;Fluminense;H;0.37;0.3;0.33;0.4;0.3;0.3;0.4;0.3;0.3;0.4107;0.4037;0.1856;0.349;0.289;0.362;0.4;0.31;0.29;0.397386748760729;0.297814001153304;0.304799250085967;0.3747;0.323;0.3022
17/11/2021;33;Flamengo;1;0;Corinthians;H;0.56;0.26;0.18;0.65;0.21;0.14;0.56;0.26;0.18;0.3741;0.3502;0.2757;0.649;0.205;0.146;0.62;0.24;0.14;0.622602140693129;0.215261608596692;0.162136250710179;0.5951;0.2491;0.1557
18/11/2021;33;Sport;1;0;Bahia;H;0.36;0.31;0.33;0.41;0.32;0.27;0.39;0.32;0.29;0.3284;0.3865;0.2851;0.323;0.319;0.358;0.34;0.31;0.35;0.353438156542721;0.311142800133375;0.335419043323904;0.3483;0.3033;0.3483
28/10/2021;34;Bragantino;3;0;Sport;H;0.52;0.28;0.2;0.62;0.25;0.13;;;;;;;0.646;0.259;0.095;0.53;0.28;0.19;0.616381756475332;0.248972535205026;0.134645708319642;0.6227;0.2335;0.1437
20/11/2021;34;Atlético-MG;2;0;Juventude;H;0.67;0.22;0.11;0.7;0.2;0.1;0.59;0.25;0.16;0.676;0.2254;0.0986;0.707;0.202;0.09;0.65;0.24;0.11;0.603966333066358;0.232851835924248;0.163181831009395;0.7404;0.1648;0.0947
20/11/2021;34;Fortaleza;1;0;Palmeiras;H;0.4;0.31;0.29;0.37;0.25;0.38;0.41;0.3;0.29;0.3223;0.281;0.3967;0.356;0.256;0.388;0.355;0.365;0.28;0.323851265340106;0.265718665977664;0.410430068682231;0.3474;0.2986;0.3539
20/11/2021;34;Chapecoense;1;3;Grêmio;A;0.25;0.29;0.46;0.34;0.28;0.38;0.32;0.28;0.4;0.4139;0.2646;0.3215;0.313;0.265;0.422;0.24;0.26;0.5;0.262262312272592;0.27195672923329;0.465780958494118;0.167;0.2379;0.5949
20/11/2021;34;Atlético-GO;1;1;Ceará;D;0.38;0.32;0.3;0.39;0.32;0.29;0.45;0.29;0.25;0.2921;0.5845;0.1234;0.364;0.31;0.326;0.4;0.31;0.29;0.369283246104038;0.317660424234654;0.313056329661308;0.3884;0.3107;0.3007
20/11/2021;34;Internacional;1;2;Flamengo;A;0.37;0.3;0.33;0.33;0.27;0.4;0.29;0.3;0.41;0.2918;0.4611;0.2471;0.301;0.237;0.462;0.26;0.26;0.48;0.374592194177131;0.255419302158831;0.369988503664038;0.2936;0.2726;0.4337
21/11/2021;34;Corinthians;2;0;Santos;H;0.52;0.28;0.2;0.52;0.28;0.2;0.48;0.28;0.24;0.3862;0.3487;0.2651;0.543;0.285;0.172;0.49;0.31;0.2;0.451225464850308;0.290615310798389;0.258159224351304;0.5576;0.2527;0.1895
21/11/2021;34;Fluminense;2;0;América-MG;H;0.39;0.32;0.29;0.47;0.29;0.24;0.43;0.29;0.28;0.3563;0.4187;0.225;0.423;0.301;0.275;0.4;0.3;0.3;0.425940509373629;0.303529540308784;0.270529950317587;0.4228;0.2973;0.2798
21/11/2021;34;Bahia;0;0;Cuiabá;D;0.44;0.31;0.25;0.43;0.29;0.28;0.39;0.36;0.25;0.303;0.5005;0.1965;0.414;0.316;0.27;0.53;0.29;0.18;0.375672265158247;0.308129842000012;0.316197892841741;0.5078;0.2684;0.2237
24/11/2021;34;São Paulo;0;0;Athletico-PR;D;0.52;0.27;0.21;0.47;0.29;0.24;0.44;0.32;0.24;0.485;0.289;0.226;0.502;0.269;0.229;0.49;0.3;0.21;0.441586306632706;0.29986728655282;0.258546406814475;0.5362;0.276;0.1876
23/11/2021;35;Palmeiras;2;2;Atlético-MG;D;0.24;0.28;0.48;0.37;0.27;0.36;0.31;0.33;0.36;0.2341;0.1354;0.6305;0.303;0.26;0.437;0.33;0.28;0.38;0.43333684338957;0.257148089729797;0.309515066880633;0.2676;0.2754;0.4569
24/11/2021;35;Fluminense;1;0;Internacional;H;0.46;0.3;0.24;0.44;0.29;0.27;0.5;0.28;0.22;0.5391;0.3242;0.1367;0.387;0.281;0.332;0.39;0.29;0.31;0.371816122913765;0.292081515179856;0.336102361906379;0.4276;0.3035;0.2688
25/11/2021;35;Santos;2;0;Fortaleza;H;0.41;0.29;0.3;0.46;0.28;0.26;0.38;0.26;0.35;0.4091;0.2478;0.343;0.383;0.287;0.33;0.42;0.31;0.27;0.476618695280748;0.272105699203907;0.251275605515345;0.4063;0.292;0.3015
25/11/2021;35;Ceará;2;1;Corinthians;H;0.43;0.31;0.26;0.4;0.3;0.3;0.36;0.33;0.31;0.3886;0.4677;0.1437;0.424;0.298;0.278;0.35;0.3;0.35;0.410101575306945;0.29893516097339;0.290963263719665;0.3739;0.2921;0.3338
29/11/2021;35;Atlético-GO;2;1;Bahia;H;0.38;0.33;0.29;0.43;0.31;0.26;;;;0.3296;0.5029;0.1674;0.415;0.302;0.283;0.38;0.32;0.3;0.430517800307216;0.298444825570945;0.271037374121839;0.3794;0.2999;0.3205
30/11/2021;35;Juventude;1;0;Bragantino;H;0.42;0.28;0.3;0.38;0.27;0.35;;;;0.3628;0.4569;0.1803;0.347;0.276;0.377;0.44;0.28;0.28;0.349058835134825;0.281373517578416;0.369567647286759;0.3648;0.2964;0.3387
30/11/2021;35;América-MG;3;0;Chapecoense;H;0.59;0.24;0.17;0.63;0.23;0.14;;;;0.4406;0.4158;0.1436;0.646;0.228;0.126;0.51;0.26;0.23;0.60215569095247;0.245836690333598;0.152007618713932;0.6983;0.1899;0.1117
02/12/2021;35;Grêmio;3;0;São Paulo;H;0.52;0.26;0.22;0.42;0.3;0.28;;;;0.3386;0.4081;0.2533;0.376;0.275;0.349;0.4;0.3;0.3;0.442238559917624;0.288599481958484;0.269161958123893;0.3884;0.3007;0.3107
03/12/2021;35;Athletico-PR;1;0;Cuiabá;H;0.51;0.3;0.19;0.49;0.28;0.23;;;;0.2425;0.4142;0.3432;0.446;0.317;0.237;0.5;0.29;0.21;0.415818695730484;0.329605997287565;0.25457530698195;0.524;0.2774;0.1985
03/12/2021;35;Sport;1;1;Flamengo;D;0.16;0.25;0.59;0.19;0.27;0.54;;;;0.2095;0.3562;0.4343;0.133;0.221;0.646;0.19;0.24;0.56;0.188395954009181;0.253098510281159;0.55850553570966;0.1726;0.2374;0.5898
26/11/2021;36;Bahia;3;1;Grêmio;H;0.43;0.3;0.27;0.43;0.28;0.29;0.47;0.29;0.24;;;;0.42;0.274;0.306;0.37;0.3;0.33;0.378154905924457;0.269063307812249;0.352781786263294;0.3756;0.2889;0.3353
03/12/2021;36;Chapecoense;0;1;Atlético-GO;A;0.22;0.3;0.48;0.35;0.3;0.35;0.28;0.29;0.42;;;;0.289;0.278;0.433;0.33;0.29;0.38;0.313065854024734;0.313598580976289;0.373335564998977;0.2468;0.2842;0.4689
27/11/2021;36;Bragantino;1;1;América-MG;D;0.54;0.26;0.2;0.57;0.24;0.19;0.37;0.28;0.34;;;;0.474;0.272;0.254;0.41;0.27;0.32;0.528695182224134;0.260316395291434;0.210988422484432;0.4229;0.2862;0.2907
27/11/2021;36;São Paulo;2;0;Sport;H;0.59;0.27;0.14;0.51;0.32;0.17;0.6;0.25;0.15;;;;0.599;0.282;0.119;0.59;0.28;0.13;0.530421823185232;0.304238295123812;0.165339881690956;0.6559;0.2181;0.1259
28/11/2021;36;Corinthians;1;0;Athletico-PR;H;0.53;0.26;0.21;0.53;0.26;0.21;0.47;0.29;0.24;;;;0.5;0.278;0.222;0.48;0.3;0.22;0.443223236064173;0.297812906996569;0.258963856939258;0.5318;0.282;0.1861
28/11/2021;36;Atlético-MG;2;1;Fluminense;H;0.64;0.23;0.13;0.62;0.24;0.14;0.58;0.26;0.16;;;;0.633;0.235;0.132;0.59;0.26;0.15;0.571614337502935;0.243352609112723;0.185033053384342;0.5951;0.2491;0.1557
28/11/2021;36;Internacional;1;1;Santos;D;0.56;0.25;0.19;0.52;0.27;0.21;0.51;0.27;0.22;;;;0.574;0.259;0.167;0.51;0.28;0.2;0.520571973820354;0.263124327851698;0.216303698327948;0.4876;0.2807;0.2316
30/11/2021;36;Flamengo;2;1;Ceará;H;0.64;0.2;0.16;0.7;0.19;0.11;0.52;0.28;0.2;;;;0.658;0.201;0.141;0.65;0.21;0.13;0.655646794980259;0.197113679912953;0.147239525106788;0.634;0.2196;0.1463
30/11/2021;36;Cuiabá;1;3;Palmeiras;A;0.41;0.3;0.29;0.37;0.28;0.35;0.32;0.32;0.35;;;;0.338;0.302;0.36;0.31;0.29;0.4;0.348243541531552;0.310595155084949;0.341161303383499;0.3261;0.2955;0.3783
03/12/2021;36;Fortaleza;1;0;Juventude;H;0.55;0.27;0.18;0.49;0.27;0.24;;;;;;;0.466;0.275;0.259;0.45;0.3;0.25;0.439975619650361;0.288337660113516;0.271686720236123;0.4963;0.2857;0.2178
05/12/2021;37;Corinthians;1;1;Grêmio;D;0.53;0.22;0.25;0.54;0.26;0.2;0.44;0.28;0.27;0.6447;0.1632;0.1921;0.496;0.264;0.24;0.38;0.29;0.33;0.443740502890648;0.282202906340142;0.27405659076921;0.4229;0.2907;0.2862
05/12/2021;37;Atlético-MG;4;3;Bragantino;H;0.58;0.25;0.17;0.65;0.21;0.14;0.53;0.28;0.19;0.6927;0.2038;0.1035;0.632;0.217;0.151;0.49;0.26;0.25;0.536984073329609;0.236683633615339;0.226332293055052;0.5395;0.2651;0.1953
05/12/2021;37;Bahia;2;0;Fluminense;H;0.49;0.24;0.27;0.39;0.29;0.32;0.47;0.29;0.24;0.4602;0.3207;0.2191;0.374;0.288;0.338;0.46;0.3;0.24;0.383962081843526;0.285838903773894;0.33019901438258;0.4229;0.2907;0.2862
05/12/2021;37;Ceará;0;0;América-MG;D;0.48;0.3;0.22;0.46;0.29;0.25;0.41;0.28;0.31;0.3588;0.4963;0.1449;0.429;0.295;0.276;0.37;0.29;0.34;0.453109966640449;0.292484261523375;0.254405771836176;0.4531;0.2814;0.2653
06/12/2021;37;São Paulo;3;1;Juventude;H;0.54;0.26;0.2;0.49;0.3;0.21;0.43;0.33;0.24;0.3865;0.4637;0.1498;0.516;0.283;0.201;0.52;0.3;0.18;0.479745813202164;0.298480140369872;0.221774046427964;0.5926;0.2584;0.1488
06/12/2021;37;Athletico-PR;0;0;Palmeiras;D;0.47;0.29;0.24;0.39;0.26;0.35;0.35;0.31;0.33;0.3338;0.1786;0.4876;0.349;0.269;0.382;0.37;0.28;0.35;0.372950223620856;0.277893525466511;0.349156250912634;0.3565;0.2726;0.3708
06/12/2021;37;Flamengo;0;1;Santos;A;0.56;0.25;0.19;0.7;0.19;0.11;0.47;0.3;0.23;0.3905;0.4076;0.2019;0.731;0.18;0.089;0.56;0.25;0.18;0.658819436332068;0.1957937815898;0.145386782078131;0.6085;0.2482;0.1432
06/12/2021;37;Internacional;1;2;Atlético-GO;A;0.54;0.28;0.18;0.55;0.27;0.18;0.51;0.27;0.22;0.37;0.4447;0.1852;0.537;0.271;0.192;0.45;0.29;0.26;0.550477592947228;0.273865152859866;0.175657254192906;0.5405;0.2734;0.1859
06/12/2021;37;Cuiabá;1;0;Fortaleza;H;0.43;0.31;0.26;0.45;0.29;0.26;0.45;0.27;0.28;0.4365;0.2676;0.2959;0.419;0.308;0.273;0.45;0.3;0.25;0.453749877713102;0.312774615780517;0.233475506506381;0.3786;0.2899;0.3313
06/12/2021;37;Chapecoense;0;1;Sport;A;0.35;0.33;0.32;0.37;0.32;0.31;0.33;0.29;0.38;0.362;0.2983;0.3397;0.34;0.306;0.354;0.36;0.29;0.35;0.366118082120052;0.324018330568379;0.30986358731157;0.3098;0.286;0.4041
09/12/2021;38;Fluminense;3;0;Chapecoense;H;0.68;0.2;0.12;0.67;0.21;0.12;0.63;0.14;0.22;0.5865;0.3127;0.1008;0.678;0.218;0.104;0.5;0.27;0.22;0.646921269351601;0.225171110048996;0.127907620599403;0.7041;0.1897;0.106
09/12/2021;38;Palmeiras;1;0;Ceará;H;0.44;0.29;0.27;0.6;0.23;0.17;0.37;0.34;0.29;0.3575;0.4612;0.1812;0.509;0.262;0.229;0.44;0.27;0.29;0.558717806446208;0.243421358656826;0.197860834896965;0.2845;0.2601;0.4552
09/12/2021;38;Santos;1;1;Cuiabá;D;0.46;0.32;0.22;0.47;0.31;0.22;0.45;0.25;0.3;0.3478;0.4121;0.2401;0.413;0.352;0.235;0.45;0.32;0.23;0.443377825135478;0.319181983436667;0.237440191427855;0.5613;0.2378;0.2008
09/12/2021;38;América-MG;2;0;São Paulo;H;0.53;0.26;0.21;0.44;0.31;0.25;0.39;0.31;0.3;0.4078;0.4371;0.1551;0.448;0.294;0.258;0.37;0.31;0.32;0.408765682481018;0.318175692471988;0.273058625046994;0.503;0.2586;0.2382
09/12/2021;38;Grêmio;4;3;Atlético-MG;H;0.57;0.23;0.2;0.3;0.26;0.44;0.39;0.29;0.32;0.2926;0.3888;0.3186;0.25;0.236;0.514;0.37;0.27;0.36;0.373102589323304;0.255583858043009;0.371313552633688;0.5421;0.2499;0.2078
09/12/2021;38;Fortaleza;2;1;Bahia;H;0.41;0.27;0.32;0.5;0.26;0.24;0.41;0.29;0.3;0.4695;0.3119;0.2186;0.431;0.271;0.297;0.35;0.3;0.34;0.465650627176641;0.265198461794762;0.269150911028597;0.3655;0.2856;0.3488
09/12/2021;38;Sport;1;1;Athletico-PR;D;0.46;0.33;0.21;0.35;0.33;0.32;0.29;0.33;0.37;0.3941;0.3477;0.2581;0.322;0.346;0.332;0.34;0.31;0.34;0.297209287453346;0.341344983107998;0.361445729438656;0.44;0.28;0.28
09/12/2021;38;Bragantino;1;0;Internacional;H;0.52;0.29;0.19;0.51;0.24;0.25;0.4;0.29;0.31;0.4263;0.4071;0.1666;0.44;0.254;0.306;0.39;0.26;0.34;0.455830424903554;0.259853758857025;0.284315816239421;0.4689;0.277;0.2539
09/12/2021;38;Juventude;1;0;Corinthians;H;0.53;0.26;0.21;0.351;0.3;0.349;0.37;0.31;0.31;0.3519;0.4646;0.1835;0.331;0.302;0.367;0.38;0.31;0.31;0.360969015638814;0.313952645668656;0.325078338692531;0.4817;0.2773;0.2408
09/12/2021;38;Atlético-GO;2;0;Flamengo;H;0.28;0.3;0.42;0.25;0.28;0.47;0.34;0.29;0.37;0.1448;0.5666;0.2886;0.232;0.244;0.524;0.29;0.27;0.44;0.264202689730644;0.269391324811461;0.466405985457895;0.3882;0.2831;0.3286
